青沥备开(矫焙备)喊,楷飞喊,醚牢备荐 (疙),巢磊牢备荐 (疙),咯磊牢备荐 (疙)
辑匡漂喊矫,拌,9422710,4563512,4859198
辑匡漂喊矫,0技,39236,19977,19259
辑匡漂喊矫,1技,43090,22212,20878
辑匡漂喊矫,2技,43881,22424,21457
辑匡漂喊矫,3技,46197,23982,22215
辑匡漂喊矫,4技,49612,25867,23745
辑匡漂喊矫,5技,53032,27071,25961
辑匡漂喊矫,6技,59514,30380,29134
辑匡漂喊矫,7技,65831,33542,32289
辑匡漂喊矫,8技,66739,34050,32689
辑匡漂喊矫,9技,65926,33960,31966
辑匡漂喊矫,10技,72535,37183,35352
辑匡漂喊矫,11技,71711,36847,34864
辑匡漂喊矫,12技,74126,38098,36028
辑匡漂喊矫,13技,69196,35590,33606
辑匡漂喊矫,14技,72253,36961,35292
辑匡漂喊矫,15技,78422,40551,37871
辑匡漂喊矫,16技,73726,37770,35956
辑匡漂喊矫,17技,70607,36459,34148
辑匡漂喊矫,18技,77205,39118,38087
辑匡漂喊矫,19技,86753,43086,43667
辑匡漂喊矫,20技,88833,42585,46248
辑匡漂喊矫,21技,98429,46518,51911
辑匡漂喊矫,22技,120952,57164,63788
辑匡漂喊矫,23技,129115,60129,68986
辑匡漂喊矫,24技,136271,63254,73017
辑匡漂喊矫,25技,149560,69251,80309
辑匡漂喊矫,26技,157074,73830,83244
辑匡漂喊矫,27技,165665,79821,85844
辑匡漂喊矫,28技,167467,82700,84767
辑匡漂喊矫,29技,167299,83027,84272
辑匡漂喊矫,30技,170555,85078,85477
辑匡漂喊矫,31技,165467,82441,83026
辑匡漂喊矫,32技,149375,74964,74411
辑匡漂喊矫,33技,142517,72054,70463
辑匡漂喊矫,34技,138884,69619,69265
辑匡漂喊矫,35技,131010,65336,65674
辑匡漂喊矫,36技,129874,64604,65270
辑匡漂喊矫,37技,131007,65546,65461
辑匡漂喊矫,38技,127465,63527,63938
辑匡漂喊矫,39技,138988,69703,69285
辑匡漂喊矫,40技,146060,72585,73475
辑匡漂喊矫,41技,153081,76432,76649
辑匡漂喊矫,42技,150671,75211,75460
辑匡漂喊矫,43技,150318,74097,76221
辑匡漂喊矫,44技,133963,66036,67927
辑匡漂喊矫,45技,134493,65837,68656
辑匡漂喊矫,46技,133145,65974,67171
辑匡漂喊矫,47技,137020,67494,69526
辑匡漂喊矫,48技,145153,72099,73054
辑匡漂喊矫,49技,155594,76320,79274
辑匡漂喊矫,50技,158230,78097,80133
辑匡漂喊矫,51技,163538,81364,82174
辑匡漂喊矫,52技,164005,81085,82920
辑匡漂喊矫,53技,157321,77941,79380
辑匡漂喊矫,54技,158670,77902,80768
辑匡漂喊矫,55技,143362,69452,73910
辑匡漂喊矫,56技,136112,67377,68735
辑匡漂喊矫,57技,139434,68552,70882
辑匡漂喊矫,58技,140630,68540,72090
辑匡漂喊矫,59技,128797,62858,65939
辑匡漂喊矫,60技,146412,71996,74416
辑匡漂喊矫,61技,139341,67375,71966
辑匡漂喊矫,62技,154370,72875,81495
辑匡漂喊矫,63技,146260,68910,77350
辑匡漂喊矫,64技,135463,63992,71471
辑匡漂喊矫,65技,131258,62385,68873
辑匡漂喊矫,66技,122023,56700,65323
辑匡漂喊矫,67技,119084,55526,63558
辑匡漂喊矫,68技,121514,56283,65231
辑匡漂喊矫,69技,95434,44073,51361
辑匡漂喊矫,70技,98452,45698,52754
辑匡漂喊矫,71技,81768,37757,44011
辑匡漂喊矫,72技,74329,34309,40020
辑匡漂喊矫,73技,80306,36486,43820
辑匡漂喊矫,74技,76334,34647,41687
辑匡漂喊矫,75技,76910,34600,42310
辑匡漂喊矫,76技,73634,32988,40646
辑匡漂喊矫,77技,52274,23159,29115
辑匡漂喊矫,78技,54788,24387,30401
辑匡漂喊矫,79技,52060,22570,29490
辑匡漂喊矫,80技,58838,26173,32665
辑匡漂喊矫,81技,53519,23309,30210
辑匡漂喊矫,82技,40975,17369,23606
辑匡漂喊矫,83技,37651,15430,22221
辑匡漂喊矫,84技,33864,13487,20377
辑匡漂喊矫,85技,28421,11008,17413
辑匡漂喊矫,86技,24895,9067,15828
辑匡漂喊矫,87技,21292,7544,13748
辑匡漂喊矫,88技,17528,5829,11699
辑匡漂喊矫,89技,13646,4293,9353
辑匡漂喊矫,90技,10777,3255,7522
辑匡漂喊矫,91技,8562,2377,6185
辑匡漂喊矫,92技,6503,1683,4820
辑匡漂喊矫,93技,5399,1335,4064
辑匡漂喊矫,94技,4343,1093,3250
辑匡漂喊矫,95技,2986,656,2330
辑匡漂喊矫,96技,2178,451,1727
辑匡漂喊矫,97技,1240,236,1004
辑匡漂喊矫,98技,917,187,730
辑匡漂喊矫,99技,746,179,567
辑匡漂喊矫,100技 捞惑,1420,303,1117
辆肺备,拌,140891,68079,72812
辆肺备,0技,407,201,206
辆肺备,1技,475,262,213
辆肺备,2技,467,223,244
辆肺备,3技,550,284,266
辆肺备,4技,520,258,262
辆肺备,5技,599,308,291
辆肺备,6技,709,361,348
辆肺备,7技,814,409,405
辆肺备,8技,807,415,392
辆肺备,9技,817,377,440
辆肺备,10技,938,493,445
辆肺备,11技,901,442,459
辆肺备,12技,982,485,497
辆肺备,13技,886,437,449
辆肺备,14技,959,466,493
辆肺备,15技,1096,566,530
辆肺备,16技,1000,482,518
辆肺备,17技,913,463,450
辆肺备,18技,1125,540,585
辆肺备,19技,1294,612,682
辆肺备,20技,1372,603,769
辆肺备,21技,1664,721,943
辆肺备,22技,1950,912,1038
辆肺备,23技,2193,1005,1188
辆肺备,24技,2280,1026,1254
辆肺备,25技,2337,1089,1248
辆肺备,26技,2532,1271,1261
辆肺备,27技,2628,1276,1352
辆肺备,28技,2539,1246,1293
辆肺备,29技,2504,1265,1239
辆肺备,30技,2510,1238,1272
辆肺备,31技,2321,1199,1122
辆肺备,32技,2113,1084,1029
辆肺备,33技,1913,968,945
辆肺备,34技,1806,926,880
辆肺备,35技,1759,860,899
辆肺备,36技,1695,781,914
辆肺备,37技,1670,817,853
辆肺备,38技,1692,827,865
辆肺备,39技,1834,943,891
辆肺备,40技,1891,924,967
辆肺备,41技,2048,991,1057
辆肺备,42技,2000,962,1038
辆肺备,43技,2056,1000,1056
辆肺备,44技,1783,891,892
辆肺备,45技,1806,810,996
辆肺备,46技,1854,907,947
辆肺备,47技,1855,914,941
辆肺备,48技,2078,995,1083
辆肺备,49技,2334,1125,1209
辆肺备,50技,2368,1151,1217
辆肺备,51技,2579,1321,1258
辆肺备,52技,2626,1330,1296
辆肺备,53技,2516,1236,1280
辆肺备,54技,2534,1243,1291
辆肺备,55技,2374,1134,1240
辆肺备,56技,2238,1126,1112
辆肺备,57技,2280,1138,1142
辆肺备,58技,2302,1133,1169
辆肺备,59技,2226,1125,1101
辆肺备,60技,2468,1310,1158
辆肺备,61技,2258,1206,1052
辆肺备,62技,2499,1212,1287
辆肺备,63技,2235,1097,1138
辆肺备,64技,2085,1054,1031
辆肺备,65技,1988,1015,973
辆肺备,66技,1909,917,992
辆肺备,67技,1852,936,916
辆肺备,68技,1848,898,950
辆肺备,69技,1394,690,704
辆肺备,70技,1524,752,772
辆肺备,71技,1233,588,645
辆肺备,72技,1057,467,590
辆肺备,73技,1239,562,677
辆肺备,74技,1144,516,628
辆肺备,75技,1261,569,692
辆肺备,76技,1187,528,659
辆肺备,77技,877,372,505
辆肺备,78技,1017,440,577
辆肺备,79技,922,374,548
辆肺备,80技,1079,485,594
辆肺备,81技,1022,409,613
辆肺备,82技,811,352,459
辆肺备,83技,784,315,469
辆肺备,84技,699,273,426
辆肺备,85技,580,222,358
辆肺备,86技,521,207,314
辆肺备,87技,452,168,284
辆肺备,88技,359,127,232
辆肺备,89技,301,111,190
辆肺备,90技,227,87,140
辆肺备,91技,167,56,111
辆肺备,92技,142,44,98
辆肺备,93技,107,27,80
辆肺备,94技,104,32,72
辆肺备,95技,56,7,49
辆肺备,96技,61,20,41
辆肺备,97技,25,11,14
辆肺备,98技,27,10,17
辆肺备,99技,17,6,11
辆肺备,100技 捞惑,34,10,24
吝备,拌,121250,58806,62444
吝备,0技,544,271,273
吝备,1技,555,271,284
吝备,2技,582,298,284
吝备,3技,553,282,271
吝备,4技,541,279,262
吝备,5技,556,279,277
吝备,6技,652,319,333
吝备,7技,657,351,306
吝备,8技,579,299,280
吝备,9技,647,329,318
吝备,10技,627,320,307
吝备,11技,627,320,307
吝备,12技,581,286,295
吝备,13技,529,282,247
吝备,14技,544,263,281
吝备,15技,651,309,342
吝备,16技,600,319,281
吝备,17技,585,287,298
吝备,18技,696,359,337
吝备,19技,908,396,512
吝备,20技,977,445,532
吝备,21技,1129,525,604
吝备,22技,1468,680,788
吝备,23技,1633,753,880
吝备,24技,1698,760,938
吝备,25技,1941,843,1098
吝备,26技,2039,937,1102
吝备,27技,2160,1001,1159
吝备,28技,2236,1116,1120
吝备,29技,2399,1120,1279
吝备,30技,2428,1188,1240
吝备,31技,2455,1222,1233
吝备,32技,2126,1071,1055
吝备,33技,2072,1068,1004
吝备,34技,2007,980,1027
吝备,35技,1943,975,968
吝备,36技,1795,906,889
吝备,37技,1865,942,923
吝备,38技,1726,879,847
吝备,39技,1846,930,916
吝备,40技,1894,914,980
吝备,41技,1898,982,916
吝备,42技,1836,936,900
吝备,43技,1808,926,882
吝备,44技,1546,796,750
吝备,45技,1533,782,751
吝备,46技,1469,735,734
吝备,47技,1533,811,722
吝备,48技,1628,821,807
吝备,49技,1722,864,858
吝备,50技,1823,892,931
吝备,51技,1967,990,977
吝备,52技,2049,987,1062
吝备,53技,2066,1034,1032
吝备,54技,2088,1027,1061
吝备,55技,1944,1005,939
吝备,56技,1787,957,830
吝备,57技,1832,927,905
吝备,58技,1979,966,1013
吝备,59技,1785,922,863
吝备,60技,2085,1086,999
吝备,61技,1886,952,934
吝备,62技,2150,1065,1085
吝备,63技,1924,980,944
吝备,64技,1884,897,987
吝备,65技,1823,897,926
吝备,66技,1773,901,872
吝备,67技,1663,823,840
吝备,68技,1733,858,875
吝备,69技,1338,628,710
吝备,70技,1341,656,685
吝备,71技,1133,541,592
吝备,72技,1035,498,537
吝备,73技,1133,532,601
吝备,74技,1066,483,583
吝备,75技,1109,500,609
吝备,76技,1056,447,609
吝备,77技,775,317,458
吝备,78技,835,374,461
吝备,79技,805,340,465
吝备,80技,919,383,536
吝备,81技,901,368,533
吝备,82技,664,280,384
吝备,83技,619,247,372
吝备,84技,568,217,351
吝备,85技,448,154,294
吝备,86技,427,139,288
吝备,87技,391,123,268
吝备,88技,297,94,203
吝备,89技,248,57,191
吝备,90技,200,53,147
吝备,91技,156,50,106
吝备,92技,124,31,93
吝备,93技,114,30,84
吝备,94技,91,27,64
吝备,95技,75,19,56
吝备,96技,41,6,35
吝备,97技,21,5,16
吝备,98技,12,2,10
吝备,99技,16,6,10
吝备,100技 捞惑,27,6,21
侩魂备,拌,217611,104580,113031
侩魂备,0技,1038,512,526
侩魂备,1技,1018,535,483
侩魂备,2技,1057,536,521
侩魂备,3技,1097,573,524
侩魂备,4技,1116,587,529
侩魂备,5技,1157,571,586
侩魂备,6技,1226,624,602
侩魂备,7技,1341,692,649
侩魂备,8技,1308,649,659
侩魂备,9技,1287,645,642
侩魂备,10技,1377,715,662
侩魂备,11技,1340,694,646
侩魂备,12技,1344,681,663
侩魂备,13技,1239,628,611
侩魂备,14技,1363,666,697
侩魂备,15技,1427,717,710
侩魂备,16技,1396,742,654
侩魂备,17技,1344,680,664
侩魂备,18技,1586,803,783
侩魂备,19技,1705,826,879
侩魂备,20技,1876,867,1009
侩魂备,21技,2084,944,1140
侩魂备,22技,2583,1179,1404
侩魂备,23技,2796,1233,1563
侩魂备,24技,2971,1355,1616
侩魂备,25技,3189,1414,1775
侩魂备,26技,3496,1637,1859
侩魂备,27技,3872,1822,2050
侩魂备,28技,4141,1959,2182
侩魂备,29技,4236,2061,2175
侩魂备,30技,4591,2285,2306
侩魂备,31技,4465,2198,2267
侩魂备,32技,4212,2125,2087
侩魂备,33技,3926,1969,1957
侩魂备,34技,3686,1842,1844
侩魂备,35技,3485,1700,1785
侩魂备,36技,3407,1680,1727
侩魂备,37技,3506,1736,1770
侩魂备,38技,3230,1615,1615
侩魂备,39技,3491,1783,1708
侩魂备,40技,3493,1696,1797
侩魂备,41技,3528,1820,1708
侩魂备,42技,3567,1816,1751
侩魂备,43技,3402,1664,1738
侩魂备,44技,2873,1403,1470
侩魂备,45技,3014,1503,1511
侩魂备,46技,2790,1345,1445
侩魂备,47技,2959,1447,1512
侩魂备,48技,3142,1508,1634
侩魂备,49技,3412,1671,1741
侩魂备,50技,3558,1709,1849
侩魂备,51技,3896,1888,2008
侩魂备,52技,3863,1896,1967
侩魂备,53技,3724,1837,1887
侩魂备,54技,3786,1861,1925
侩魂备,55技,3425,1672,1753
侩魂备,56技,3096,1530,1566
侩魂备,57技,3340,1620,1720
侩魂备,58技,3224,1634,1590
侩魂备,59技,3093,1523,1570
侩魂备,60技,3407,1685,1722
侩魂备,61技,3306,1688,1618
侩魂备,62技,3445,1658,1787
侩魂备,63技,3281,1597,1684
侩魂备,64技,3023,1467,1556
侩魂备,65技,3009,1478,1531
侩魂备,66技,2726,1309,1417
侩魂备,67技,2623,1250,1373
侩魂备,68技,2572,1257,1315
侩魂备,69技,2118,1001,1117
侩魂备,70技,2062,944,1118
侩魂备,71技,1645,742,903
侩魂备,72技,1597,742,855
侩魂备,73技,1708,756,952
侩魂备,74技,1659,785,874
侩魂备,75技,1684,714,970
侩魂备,76技,1492,625,867
侩魂备,77技,1206,503,703
侩魂备,78技,1285,510,775
侩魂备,79技,1201,512,689
侩魂备,80技,1404,605,799
侩魂备,81技,1354,534,820
侩魂备,82技,1057,456,601
侩魂备,83技,996,356,640
侩魂备,84技,937,355,582
侩魂备,85技,881,308,573
侩魂备,86技,754,264,490
侩魂备,87技,626,213,413
侩魂备,88技,520,186,334
侩魂备,89技,424,150,274
侩魂备,90技,307,94,213
侩魂备,91技,291,86,205
侩魂备,92技,204,70,134
侩魂备,93技,166,50,116
侩魂备,94技,156,39,117
侩魂备,95技,94,20,74
侩魂备,96技,49,4,45
侩魂备,97技,37,12,25
侩魂备,98技,32,10,22
侩魂备,99技,28,12,16
侩魂备,100技 捞惑,51,10,41
己悼备,拌,279980,136059,143921
己悼备,0技,1448,758,690
己悼备,1技,1717,882,835
己悼备,2技,1687,882,805
己悼备,3技,1676,886,790
己悼备,4技,1769,893,876
己悼备,5技,1827,939,888
己悼备,6技,1936,997,939
己悼备,7技,1842,943,899
己悼备,8技,1963,989,974
己悼备,9技,1777,891,886
己悼备,10技,1881,929,952
己悼备,11技,1782,885,897
己悼备,12技,1695,868,827
己悼备,13技,1540,791,749
己悼备,14技,1690,836,854
己悼备,15技,1918,967,951
己悼备,16技,1775,892,883
己悼备,17技,1791,922,869
己悼备,18技,2057,1022,1035
己悼备,19技,2510,1157,1353
己悼备,20技,2589,1133,1456
己悼备,21技,2968,1347,1621
己悼备,22技,3815,1883,1932
己悼备,23技,4090,2038,2052
己悼备,24技,4232,2053,2179
己悼备,25技,4648,2256,2392
己悼备,26技,4712,2293,2419
己悼备,27技,5000,2530,2470
己悼备,28技,4940,2508,2432
己悼备,29技,4856,2413,2443
己悼备,30技,4934,2432,2502
己悼备,31技,4879,2410,2469
己悼备,32技,4555,2198,2357
己悼备,33技,4503,2145,2358
己悼备,34技,4478,2113,2365
己悼备,35技,4444,2111,2333
己悼备,36技,4310,2117,2193
己悼备,37技,4407,2259,2148
己悼备,38技,4275,2108,2167
己悼备,39技,4548,2284,2264
己悼备,40技,4639,2369,2270
己悼备,41技,4733,2408,2325
己悼备,42技,4562,2335,2227
己悼备,43技,4390,2224,2166
己悼备,44技,3754,1893,1861
己悼备,45技,3815,1873,1942
己悼备,46技,3715,1921,1794
己悼备,47技,3822,1890,1932
己悼备,48技,4004,1921,2083
己悼备,49技,4370,2111,2259
己悼备,50技,4477,2224,2253
己悼备,51技,4717,2270,2447
己悼备,52技,4893,2394,2499
己悼备,53技,4851,2425,2426
己悼备,54技,4766,2318,2448
己悼备,55技,4452,2188,2264
己悼备,56技,4042,2063,1979
己悼备,57技,4337,2120,2217
己悼备,58技,4292,2138,2154
己悼备,59技,3980,1994,1986
己悼备,60技,4464,2229,2235
己悼备,61技,4350,2177,2173
己悼备,62技,4645,2329,2316
己悼备,63技,4344,2115,2229
己悼备,64技,3984,1980,2004
己悼备,65技,3817,1878,1939
己悼备,66技,3563,1687,1876
己悼备,67技,3319,1556,1763
己悼备,68技,3339,1592,1747
己悼备,69技,2660,1246,1414
己悼备,70技,2627,1245,1382
己悼备,71技,2187,1012,1175
己悼备,72技,2130,981,1149
己悼备,73技,2224,1029,1195
己悼备,74技,2064,925,1139
己悼备,75技,2130,942,1188
己悼备,76技,2139,933,1206
己悼备,77技,1496,596,900
己悼备,78技,1572,686,886
己悼备,79技,1573,659,914
己悼备,80技,1789,783,1006
己悼备,81技,1571,662,909
己悼备,82技,1260,490,770
己悼备,83技,1142,463,679
己悼备,84技,1000,375,625
己悼备,85技,892,323,569
己悼备,86技,793,267,526
己悼备,87技,648,203,445
己悼备,88技,525,171,354
己悼备,89技,403,149,254
己悼备,90技,304,95,209
己悼备,91技,238,64,174
己悼备,92技,181,42,139
己悼备,93技,154,41,113
己悼备,94技,123,33,90
己悼备,95技,73,17,56
己悼备,96技,64,15,49
己悼备,97技,29,5,24
己悼备,98技,27,8,19
己悼备,99技,18,5,13
己悼备,100技 捞惑,44,12,32
堡柳备,拌,336558,162071,174487
堡柳备,0技,1149,581,568
堡柳备,1技,1256,678,578
堡柳备,2技,1300,644,656
堡柳备,3技,1362,720,642
堡柳备,4技,1477,730,747
堡柳备,5技,1509,792,717
堡柳备,6技,1774,907,867
堡柳备,7技,1978,1019,959
堡柳备,8技,2053,1042,1011
堡柳备,9技,2107,1127,980
堡柳备,10技,2244,1124,1120
堡柳备,11技,2261,1138,1123
堡柳备,12技,2332,1185,1147
堡柳备,13技,2189,1172,1017
堡柳备,14技,2354,1212,1142
堡柳备,15技,2572,1300,1272
堡柳备,16技,2443,1190,1253
堡柳备,17技,2293,1168,1125
堡柳备,18技,2605,1270,1335
堡柳备,19技,3025,1506,1519
堡柳备,20技,3196,1427,1769
堡柳备,21技,3724,1685,2039
堡柳备,22技,5017,2312,2705
堡柳备,23技,5685,2653,3032
堡柳备,24技,6156,2828,3328
堡柳备,25技,6698,3025,3673
堡柳备,26技,7114,3267,3847
堡柳备,27技,7420,3503,3917
堡柳备,28技,7421,3581,3840
堡柳备,29技,7248,3532,3716
堡柳备,30技,7280,3620,3660
堡柳备,31技,6833,3400,3433
堡柳备,32技,5919,3027,2892
堡柳备,33技,5667,2853,2814
堡柳备,34技,5305,2666,2639
堡柳备,35技,4923,2421,2502
堡柳备,36技,4673,2314,2359
堡柳备,37技,4780,2349,2431
堡柳备,38技,4488,2238,2250
堡柳备,39技,4820,2335,2485
堡柳备,40技,5026,2470,2556
堡柳备,41技,5196,2551,2645
堡柳备,42技,5120,2471,2649
堡柳备,43技,5001,2450,2551
堡柳备,44技,4523,2196,2327
堡柳备,45技,4564,2287,2277
堡柳备,46技,4537,2225,2312
堡柳备,47技,4654,2343,2311
堡柳备,48技,4868,2385,2483
堡柳备,49技,5270,2596,2674
堡柳备,50技,5425,2623,2802
堡柳备,51技,5673,2792,2881
堡柳备,52技,5695,2782,2913
堡柳备,53技,5538,2598,2940
堡柳备,54技,5628,2746,2882
堡柳备,55技,5234,2545,2689
堡柳备,56技,5023,2437,2586
堡柳备,57技,5078,2463,2615
堡柳备,58技,5050,2505,2545
堡柳备,59技,4546,2257,2289
堡柳备,60技,5303,2622,2681
堡柳备,61技,4962,2429,2533
堡柳备,62技,5395,2573,2822
堡柳备,63技,5169,2452,2717
堡柳备,64技,4727,2243,2484
堡柳备,65技,4489,2158,2331
堡柳备,66技,4152,1942,2210
堡柳备,67技,4034,1897,2137
堡柳备,68技,3944,1852,2092
堡柳备,69技,3094,1464,1630
堡柳备,70技,3286,1519,1767
堡柳备,71技,2560,1166,1394
堡柳备,72技,2338,1086,1252
堡柳备,73技,2413,1119,1294
堡柳备,74技,2461,1135,1326
堡柳备,75技,2515,1101,1414
堡柳备,76技,2306,1049,1257
堡柳备,77技,1653,756,897
堡柳备,78技,1731,815,916
堡柳备,79技,1675,700,975
堡柳备,80技,1877,861,1016
堡柳备,81技,1693,703,990
堡柳备,82技,1336,593,743
堡柳备,83技,1243,529,714
堡柳备,84技,1142,472,670
堡柳备,85技,902,368,534
堡柳备,86技,795,278,517
堡柳备,87技,691,226,465
堡柳备,88技,562,173,389
堡柳备,89技,457,152,305
堡柳备,90技,313,102,211
堡柳备,91技,281,75,206
堡柳备,92技,180,49,131
堡柳备,93技,152,43,109
堡柳备,94技,131,31,100
堡柳备,95技,96,27,69
堡柳备,96技,55,10,45
堡柳备,97技,40,8,32
堡柳备,98技,40,12,28
堡柳备,99技,24,4,20
堡柳备,100技 捞惑,42,14,28
悼措巩备,拌,337692,165936,171756
悼措巩备,0技,1336,662,674
悼措巩备,1技,1483,765,718
悼措巩备,2技,1613,817,796
悼措巩备,3技,1775,876,899
悼措巩备,4技,1734,848,886
悼措巩备,5技,1858,969,889
悼措巩备,6技,2019,1040,979
悼措巩备,7技,2220,1163,1057
悼措巩备,8技,2187,1109,1078
悼措巩备,9技,2033,1020,1013
悼措巩备,10技,2285,1196,1089
悼措巩备,11技,2153,1105,1048
悼措巩备,12技,2176,1130,1046
悼措巩备,13技,2076,1074,1002
悼措巩备,14技,2111,1066,1045
悼措巩备,15技,2336,1220,1116
悼措巩备,16技,2106,1064,1042
悼措巩备,17技,2033,1048,985
悼措巩备,18技,2503,1251,1252
悼措巩备,19技,3287,1504,1783
悼措巩备,20技,3700,1517,2183
悼措巩备,21技,4410,1835,2575
悼措巩备,22技,5719,2558,3161
悼措巩备,23技,5962,2751,3211
悼措巩备,24技,6190,2951,3239
悼措巩备,25技,6363,3152,3211
悼措巩备,26技,6267,3073,3194
悼措巩备,27技,6232,3176,3056
悼措巩备,28技,6035,3132,2903
悼措巩备,29技,5698,2922,2776
悼措巩备,30技,5837,3029,2808
悼措巩备,31技,5449,2818,2631
悼措巩备,32技,5032,2556,2476
悼措巩备,33技,4763,2452,2311
悼措巩备,34技,4689,2367,2322
悼措巩备,35技,4481,2332,2149
悼措巩备,36技,4609,2402,2207
悼措巩备,37技,4440,2302,2138
悼措巩备,38技,4452,2252,2200
悼措巩备,39技,4806,2540,2266
悼措巩备,40技,5157,2633,2524
悼措巩备,41技,5279,2658,2621
悼措巩备,42技,5113,2688,2425
悼措巩备,43技,4974,2567,2407
悼措巩备,44技,4504,2336,2168
悼措巩备,45技,4402,2277,2125
悼措巩备,46技,4360,2250,2110
悼措巩备,47技,4464,2296,2168
悼措巩备,48技,4862,2533,2329
悼措巩备,49技,5036,2570,2466
悼措巩备,50技,5360,2703,2657
悼措巩备,51技,5413,2775,2638
悼措巩备,52技,5591,2791,2800
悼措巩备,53技,5473,2776,2697
悼措巩备,54技,5517,2754,2763
悼措巩备,55技,4869,2437,2432
悼措巩备,56技,4929,2560,2369
悼措巩备,57技,5006,2538,2468
悼措巩备,58技,5018,2535,2483
悼措巩备,59技,4540,2268,2272
悼措巩备,60技,5175,2617,2558
悼措巩备,61技,5060,2502,2558
悼措巩备,62技,5654,2782,2872
悼措巩备,63技,5337,2561,2776
悼措巩备,64技,4997,2471,2526
悼措巩备,65技,4848,2332,2516
悼措巩备,66技,4490,2142,2348
悼措巩备,67技,4473,2183,2290
悼措巩备,68技,4502,2129,2373
悼措巩备,69技,3589,1748,1841
悼措巩备,70技,3708,1738,1970
悼措巩备,71技,3084,1396,1688
悼措巩备,72技,2815,1341,1474
悼措巩备,73技,2936,1358,1578
悼措巩备,74技,2909,1273,1636
悼措巩备,75技,2985,1309,1676
悼措巩备,76技,2874,1254,1620
悼措巩备,77技,2150,937,1213
悼措巩备,78技,2232,967,1265
悼措巩备,79技,2154,900,1254
悼措巩备,80技,2516,1115,1401
悼措巩备,81技,2221,953,1268
悼措巩备,82技,1744,739,1005
悼措巩备,83技,1547,632,915
悼措巩备,84技,1423,552,871
悼措巩备,85技,1155,445,710
悼措巩备,86技,1030,379,651
悼措巩备,87技,842,318,524
悼措巩备,88技,712,242,470
悼措巩备,89技,558,185,373
悼措巩备,90技,420,135,285
悼措巩备,91技,305,79,226
悼措巩备,92技,237,70,167
悼措巩备,93技,203,51,152
悼措巩备,94技,150,47,103
悼措巩备,95技,103,20,83
悼措巩备,96技,71,9,62
悼措巩备,97技,42,13,29
悼措巩备,98技,30,7,23
悼措巩备,99技,28,5,23
悼措巩备,100技 捞惑,58,11,47
吝尔备,拌,384867,189099,195768
吝尔备,0技,1786,884,902
吝尔备,1技,1751,855,896
吝尔备,2技,1649,847,802
吝尔备,3技,1772,910,862
吝尔备,4技,1964,1018,946
吝尔备,5技,2052,1016,1036
吝尔备,6技,2179,1118,1061
吝尔备,7技,2306,1192,1114
吝尔备,8技,2259,1161,1098
吝尔备,9技,2280,1174,1106
吝尔备,10技,2418,1272,1146
吝尔备,11技,2438,1281,1157
吝尔备,12技,2338,1182,1156
吝尔备,13技,2225,1138,1087
吝尔备,14技,2346,1171,1175
吝尔备,15技,2488,1274,1214
吝尔备,16技,2498,1313,1185
吝尔备,17技,2392,1244,1148
吝尔备,18技,2582,1285,1297
吝尔备,19技,2917,1433,1484
吝尔备,20技,3049,1470,1579
吝尔备,21技,3527,1720,1807
吝尔备,22技,4246,2048,2198
吝尔备,23技,4613,2152,2461
吝尔备,24技,4975,2392,2583
吝尔备,25技,5518,2639,2879
吝尔备,26技,5837,2744,3093
吝尔备,27技,6397,3113,3284
吝尔备,28技,6623,3217,3406
吝尔备,29技,6801,3378,3423
吝尔备,30技,7018,3530,3488
吝尔备,31技,6800,3392,3408
吝尔备,32技,6055,3014,3041
吝尔备,33技,5814,3012,2802
吝尔备,34技,5646,2989,2657
吝尔备,35技,5395,2760,2635
吝尔备,36技,5153,2667,2486
吝尔备,37技,5281,2700,2581
吝尔备,38技,5097,2634,2463
吝尔备,39技,5379,2837,2542
吝尔备,40技,5683,2960,2723
吝尔备,41技,5987,3161,2826
吝尔备,42技,5859,3064,2795
吝尔备,43技,5862,3134,2728
吝尔备,44技,4958,2594,2364
吝尔备,45技,4947,2579,2368
吝尔备,46技,4743,2479,2264
吝尔备,47技,5078,2611,2467
吝尔备,48技,5304,2696,2608
吝尔备,49技,5993,3011,2982
吝尔备,50技,6082,3045,3037
吝尔备,51技,6428,3260,3168
吝尔备,52技,6735,3392,3343
吝尔备,53技,6648,3297,3351
吝尔备,54技,6998,3361,3637
吝尔备,55技,6596,3131,3465
吝尔备,56技,6491,3222,3269
吝尔备,57技,6470,3240,3230
吝尔备,58技,6674,3311,3363
吝尔备,59技,6027,2936,3091
吝尔备,60技,7161,3532,3629
吝尔备,61技,6844,3372,3472
吝尔备,62技,7571,3637,3934
吝尔备,63技,7204,3493,3711
吝尔备,64技,6419,3103,3316
吝尔备,65技,6254,3123,3131
吝尔备,66技,5722,2674,3048
吝尔备,67技,5567,2686,2881
吝尔备,68技,5716,2735,2981
吝尔备,69技,4412,2079,2333
吝尔备,70技,4471,2137,2334
吝尔备,71技,3781,1757,2024
吝尔备,72技,3319,1568,1751
吝尔备,73技,3608,1652,1956
吝尔备,74技,3432,1559,1873
吝尔备,75技,3385,1535,1850
吝尔备,76技,3327,1496,1831
吝尔备,77技,2311,1026,1285
吝尔备,78技,2406,1035,1371
吝尔备,79技,2329,1023,1306
吝尔备,80技,2653,1152,1501
吝尔备,81技,2431,1050,1381
吝尔备,82技,1759,756,1003
吝尔备,83技,1730,689,1041
吝尔备,84技,1435,573,862
吝尔备,85技,1184,471,713
吝尔备,86技,1055,414,641
吝尔备,87技,862,285,577
吝尔备,88技,726,230,496
吝尔备,89技,575,170,405
吝尔备,90技,443,129,314
吝尔备,91技,324,83,241
吝尔备,92技,274,53,221
吝尔备,93技,197,50,147
吝尔备,94技,162,26,136
吝尔备,95技,134,34,100
吝尔备,96技,92,24,68
吝尔备,97技,49,5,44
吝尔备,98技,39,9,30
吝尔备,99技,26,4,22
吝尔备,100技 捞惑,51,10,41
己合备,拌,429751,206367,223384
己合备,0技,1719,860,859
己合备,1技,2041,1084,957
己合备,2技,2025,1018,1007
己合备,3技,2176,1100,1076
己合备,4技,2395,1267,1128
己合备,5技,2459,1270,1189
己合备,6技,2914,1445,1469
己合备,7技,3215,1613,1602
己合备,8技,3147,1617,1530
己合备,9技,3161,1614,1547
己合备,10技,3392,1711,1681
己合备,11技,3409,1750,1659
己合备,12技,3504,1768,1736
己合备,13技,3211,1640,1571
己合备,14技,3298,1658,1640
己合备,15技,3715,1951,1764
己合备,16技,3558,1798,1760
己合备,17技,3322,1714,1608
己合备,18技,4007,2042,1965
己合备,19技,4802,2255,2547
己合备,20技,5243,2244,2999
己合备,21技,5827,2481,3346
己合备,22技,7027,3167,3860
己合备,23技,7035,3275,3760
己合备,24技,6829,3251,3578
己合备,25技,7046,3424,3622
己合备,26技,6890,3379,3511
己合备,27技,6750,3304,3446
己合备,28技,6466,3259,3207
己合备,29技,6356,3250,3106
己合备,30技,6375,3300,3075
己合备,31技,6275,3163,3112
己合备,32技,5595,2798,2797
己合备,33技,5503,2793,2710
己合备,34技,5501,2745,2756
己合备,35技,5346,2595,2751
己合备,36技,5266,2598,2668
己合备,37技,5543,2743,2800
己合备,38技,5483,2713,2770
己合备,39技,6032,3076,2956
己合备,40技,6400,3145,3255
己合备,41技,6708,3364,3344
己合备,42技,6634,3291,3343
己合备,43技,6683,3246,3437
己合备,44技,6027,2958,3069
己合备,45技,5901,2883,3018
己合备,46技,6024,2957,3067
己合备,47技,6380,3087,3293
己合备,48技,6887,3381,3506
己合备,49技,7589,3633,3956
己合备,50技,7719,3815,3904
己合备,51技,8049,4012,4037
己合备,52技,7953,3879,4074
己合备,53技,7624,3830,3794
己合备,54技,7537,3752,3785
己合备,55技,6737,3380,3357
己合备,56技,6374,3131,3243
己合备,57技,6269,3094,3175
己合备,58技,6376,3111,3265
己合备,59技,5781,2805,2976
己合备,60技,6387,3073,3314
己合备,61技,6139,2922,3217
己合备,62技,6964,3279,3685
己合备,63技,6456,3021,3435
己合备,64技,5890,2829,3061
己合备,65技,5957,2777,3180
己合备,66技,5321,2459,2862
己合备,67技,5260,2441,2819
己合备,68技,5385,2476,2909
己合备,69技,4166,1885,2281
己合备,70技,4368,2027,2341
己合备,71技,3600,1643,1957
己合备,72技,3246,1491,1755
己合备,73技,3685,1577,2108
己合备,74技,3493,1506,1987
己合备,75技,3574,1486,2088
己合备,76技,3427,1473,1954
己合备,77技,2433,1036,1397
己合备,78技,2645,1093,1552
己合备,79技,2622,1090,1532
己合备,80技,2987,1269,1718
己合备,81技,2814,1211,1603
己合备,82技,2116,866,1250
己合备,83技,1947,767,1180
己合备,84技,1768,668,1100
己合备,85技,1503,593,910
己合备,86技,1228,451,777
己合备,87技,1099,388,711
己合备,88技,928,307,621
己合备,89技,625,199,426
己合备,90技,514,170,344
己合备,91技,420,106,314
己合备,92技,340,91,249
己合备,93技,268,73,195
己合备,94技,220,57,163
己合备,95技,143,24,119
己合备,96技,118,21,97
己合备,97技,61,11,50
己合备,98技,39,4,35
己合备,99技,30,8,22
己合备,100技 捞惑,55,12,43
碍合备,拌,292383,141837,150546
碍合备,0技,794,384,410
碍合备,1技,971,491,480
碍合备,2技,990,498,492
碍合备,3技,997,534,463
碍合备,4技,1171,652,519
碍合备,5技,1346,671,675
碍合备,6技,1410,715,695
碍合备,7技,1539,778,761
碍合备,8技,1562,816,746
碍合备,9技,1677,853,824
碍合备,10技,1828,966,862
碍合备,11技,1857,958,899
碍合备,12技,1927,998,929
碍合备,13技,1729,882,847
碍合备,14技,1895,944,951
碍合备,15技,1991,1049,942
碍合备,16技,1955,1026,929
碍合备,17技,1971,983,988
碍合备,18技,2137,1028,1109
碍合备,19技,2552,1229,1323
碍合备,20技,2746,1276,1470
碍合备,21技,3135,1414,1721
碍合备,22技,3739,1737,2002
碍合备,23技,3901,1822,2079
碍合备,24技,4023,1839,2184
碍合备,25技,4154,2032,2122
碍合备,26技,4394,2136,2258
碍合备,27技,4427,2254,2173
碍合备,28技,4450,2267,2183
碍合备,29技,4356,2234,2122
碍合备,30技,4445,2339,2106
碍合备,31技,4152,2138,2014
碍合备,32技,3630,1863,1767
碍合备,33技,3467,1827,1640
碍合备,34技,3391,1783,1608
碍合备,35技,3202,1679,1523
碍合备,36技,3199,1698,1501
碍合备,37技,3256,1724,1532
碍合备,38技,3313,1764,1549
碍合备,39技,3599,1909,1690
碍合备,40技,3929,2029,1900
碍合备,41技,4096,2140,1956
碍合备,42技,4123,2234,1889
碍合备,43技,4251,2203,2048
碍合备,44技,3839,2014,1825
碍合备,45技,3790,1897,1893
碍合备,46技,3849,2025,1824
碍合备,47技,4100,2046,2054
碍合备,48技,4421,2251,2170
碍合备,49技,4958,2459,2499
碍合备,50技,5050,2614,2436
碍合备,51技,5341,2678,2663
碍合备,52技,5414,2747,2667
碍合备,53技,5192,2500,2692
碍合备,54技,5361,2651,2710
碍合备,55技,5049,2429,2620
碍合备,56技,4685,2307,2378
碍合备,57技,4910,2394,2516
碍合备,58技,4918,2441,2477
碍合备,59技,4612,2255,2357
碍合备,60技,5202,2584,2618
碍合备,61技,4961,2367,2594
碍合备,62技,5652,2630,3022
碍合备,63技,5438,2503,2935
碍合备,64技,4893,2313,2580
碍合备,65技,4769,2329,2440
碍合备,66技,4438,2085,2353
碍合备,67技,4404,2027,2377
碍合备,68技,4548,2102,2446
碍合备,69技,3548,1586,1962
碍合备,70技,3651,1632,2019
碍合备,71技,3230,1436,1794
碍合备,72技,2918,1273,1645
碍合备,73技,3231,1367,1864
碍合备,74技,3203,1348,1855
碍合备,75技,3198,1376,1822
碍合备,76技,3005,1272,1733
碍合备,77技,2215,926,1289
碍合备,78技,2396,983,1413
碍合备,79技,2353,976,1377
碍合备,80技,2689,1136,1553
碍合备,81技,2490,1059,1431
碍合备,82技,1791,748,1043
碍合备,83技,1627,620,1007
碍合备,84技,1461,547,914
碍合备,85技,1188,464,724
碍合备,86技,1063,443,620
碍合备,87技,881,333,548
碍合备,88技,675,252,423
碍合备,89技,517,184,333
碍合备,90技,361,115,246
碍合备,91技,325,92,233
碍合备,92技,221,64,157
碍合备,93技,184,39,145
碍合备,94技,171,57,114
碍合备,95技,101,16,85
碍合备,96技,68,15,53
碍合备,97技,43,10,33
碍合备,98技,37,2,35
碍合备,99技,23,6,17
碍合备,100技 捞惑,48,16,32
档豪备,拌,310023,150535,159488
档豪备,0技,1003,507,496
档豪备,1技,1149,600,549
档豪备,2技,1122,583,539
档豪备,3技,1320,713,607
档豪备,4技,1349,704,645
档豪备,5技,1564,805,759
档豪备,6技,1678,843,835
档豪备,7技,1939,1001,938
档豪备,8技,2004,1058,946
档豪备,9技,1899,983,916
档豪备,10技,2150,1119,1031
档豪备,11技,2192,1099,1093
档豪备,12技,2288,1183,1105
档豪备,13技,2082,1080,1002
档豪备,14技,2207,1143,1064
档豪备,15技,2384,1262,1122
档豪备,16技,2338,1206,1132
档豪备,17技,2244,1155,1089
档豪备,18技,2434,1265,1169
档豪备,19技,2852,1436,1416
档豪备,20技,2798,1375,1423
档豪备,21技,3161,1573,1588
档豪备,22技,3609,1833,1776
档豪备,23技,3822,1862,1960
档豪备,24技,3836,1892,1944
档豪备,25技,4170,2051,2119
档豪备,26技,4176,2134,2042
档豪备,27技,4283,2123,2160
档豪备,28技,4322,2200,2122
档豪备,29技,4390,2275,2115
档豪备,30技,4397,2279,2118
档豪备,31技,4360,2232,2128
档豪备,32技,3839,1965,1874
档豪备,33技,3709,1930,1779
档豪备,34技,3603,1831,1772
档豪备,35技,3420,1736,1684
档豪备,36技,3468,1787,1681
档豪备,37技,3669,1885,1784
档豪备,38技,3610,1853,1757
档豪备,39技,3990,2078,1912
档豪备,40技,4249,2207,2042
档豪备,41技,4490,2269,2221
档豪备,42技,4541,2292,2249
档豪备,43技,4408,2255,2153
档豪备,44技,3891,1921,1970
档豪备,45技,4036,2015,2021
档豪备,46技,4048,2031,2017
档豪备,47技,4271,2050,2221
档豪备,48技,4718,2343,2375
档豪备,49技,5092,2482,2610
档豪备,50技,5277,2560,2717
档豪备,51技,5673,2776,2897
档豪备,52技,5790,2773,3017
档豪备,53技,5573,2671,2902
档豪备,54技,5924,2776,3148
档豪备,55技,5388,2531,2857
档豪备,56技,5209,2541,2668
档豪备,57技,5344,2535,2809
档豪备,58技,5362,2530,2832
档豪备,59技,4862,2342,2520
档豪备,60技,5749,2814,2935
档豪备,61技,5448,2509,2939
档豪备,62技,6277,2894,3383
档豪备,63技,5891,2760,3131
档豪备,64技,5403,2489,2914
档豪备,65技,5414,2620,2794
档豪备,66技,4998,2349,2649
档豪备,67技,4800,2273,2527
档豪备,68技,4926,2331,2595
档豪备,69技,3724,1743,1981
档豪备,70技,3901,1876,2025
档豪备,71技,3210,1498,1712
档豪备,72技,2914,1396,1518
档豪备,73技,3083,1435,1648
档豪备,74技,2895,1321,1574
档豪备,75技,3049,1426,1623
档豪备,76技,2894,1267,1627
档豪备,77技,2095,936,1159
档豪备,78技,2165,975,1190
档豪备,79技,2158,908,1250
档豪备,80技,2425,1065,1360
档豪备,81技,2328,1036,1292
档豪备,82技,1811,752,1059
档豪备,83技,1682,674,1008
档豪备,84技,1482,583,899
档豪备,85技,1199,475,724
档豪备,86技,1046,366,680
档豪备,87技,895,315,580
档豪备,88技,692,239,453
档豪备,89技,596,170,426
档豪备,90技,483,141,342
档豪备,91技,373,99,274
档豪备,92技,239,64,175
档豪备,93技,227,53,174
档豪备,94技,180,48,132
档豪备,95技,132,36,96
档豪备,96技,95,25,70
档豪备,97技,53,11,42
档豪备,98技,28,4,24
档豪备,99技,28,7,21
档豪备,100技 捞惑,59,13,46
畴盔备,拌,501838,241168,260670
畴盔备,0技,2098,1095,1003
畴盔备,1技,2146,1087,1059
畴盔备,2技,2188,1163,1025
畴盔备,3技,2260,1173,1087
畴盔备,4技,2316,1216,1100
畴盔备,5技,2654,1366,1288
畴盔备,6技,3077,1523,1554
畴盔备,7技,3494,1791,1703
畴盔备,8技,3710,1873,1837
畴盔备,9技,3624,1895,1729
畴盔备,10技,4083,2146,1937
畴盔备,11技,4241,2193,2048
畴盔备,12技,4545,2361,2184
畴盔备,13技,4331,2245,2086
畴盔备,14技,4810,2474,2336
畴盔备,15技,5242,2797,2445
畴盔备,16技,4939,2547,2392
畴盔备,17技,4873,2540,2333
畴盔备,18技,5549,2826,2723
畴盔备,19技,6175,3097,3078
畴盔备,20技,5888,2879,3009
畴盔备,21技,6425,3156,3269
畴盔备,22技,7530,3824,3706
畴盔备,23技,7374,3859,3515
畴盔备,24技,7051,3675,3376
畴盔备,25技,7052,3674,3378
畴盔备,26技,6569,3365,3204
畴盔备,27技,6652,3421,3231
畴盔备,28技,6409,3215,3194
畴盔备,29技,6497,3276,3221
畴盔备,30技,6785,3434,3351
畴盔备,31技,6657,3283,3374
畴盔备,32技,6144,3074,3070
畴盔备,33技,6123,3055,3068
畴盔备,34技,6067,3050,3017
畴盔备,35技,5643,2869,2774
畴盔备,36技,5799,2965,2834
畴盔备,37技,5879,2924,2955
畴盔备,38技,5774,2912,2862
畴盔备,39技,6528,3164,3364
畴盔备,40技,7030,3432,3598
畴盔备,41技,7501,3621,3880
畴盔备,42技,7548,3723,3825
畴盔备,43技,7696,3595,4101
畴盔备,44技,6990,3357,3633
畴盔备,45技,7460,3493,3967
畴盔备,46技,7361,3458,3903
畴盔备,47技,7824,3681,4143
畴盔备,48技,8579,4096,4483
畴盔备,49技,9305,4398,4907
畴盔备,50技,9305,4520,4785
畴盔备,51技,9737,4585,5152
畴盔备,52技,9819,4779,5040
畴盔备,53技,9241,4484,4757
畴盔备,54技,9326,4553,4773
畴盔备,55技,8289,3950,4339
畴盔备,56技,7771,3876,3895
畴盔备,57技,7776,3733,4043
畴盔备,58技,7658,3648,4010
畴盔备,59技,6955,3329,3626
畴盔备,60技,8134,3905,4229
畴盔备,61技,7849,3737,4112
畴盔备,62技,8534,3978,4556
畴盔备,63技,7968,3657,4311
畴盔备,64技,7527,3435,4092
畴盔备,65技,7346,3412,3934
畴盔备,66技,6730,3070,3660
畴盔备,67技,6603,2953,3650
畴盔备,68技,6762,3153,3609
畴盔备,69技,5220,2446,2774
畴盔备,70技,5426,2499,2927
畴盔备,71技,4453,2046,2407
畴盔备,72技,4014,1830,2184
畴盔备,73技,4276,1910,2366
畴盔备,74技,4003,1744,2259
畴盔备,75技,4081,1771,2310
畴盔备,76技,3945,1640,2305
畴盔备,77技,2754,1158,1596
畴盔备,78技,2930,1215,1715
畴盔备,79技,2871,1178,1693
畴盔备,80技,3304,1336,1968
畴盔备,81技,3071,1199,1872
畴盔备,82技,2340,888,1452
畴盔备,83技,2135,824,1311
畴盔备,84技,1939,679,1260
畴盔备,85技,1748,583,1165
畴盔备,86技,1473,488,985
畴盔备,87技,1286,387,899
畴盔备,88技,1054,304,750
畴盔备,89技,845,241,604
畴盔备,90技,701,195,506
畴盔备,91技,531,146,385
畴盔备,92技,432,106,326
畴盔备,93技,335,92,243
畴盔备,94技,245,46,199
畴盔备,95技,196,42,154
畴盔备,96技,148,34,114
畴盔备,97技,66,5,61
畴盔备,98技,57,13,44
畴盔备,99技,50,14,36
畴盔备,100技 捞惑,84,16,68
篮乞备,拌,464217,220904,243313
篮乞备,0技,1865,988,877
篮乞备,1技,2002,1015,987
篮乞备,2技,2069,1083,986
篮乞备,3技,2140,1119,1021
篮乞备,4技,2365,1176,1189
篮乞备,5技,2422,1231,1191
篮乞备,6技,2767,1430,1337
篮乞备,7技,3082,1549,1533
篮乞备,8技,3208,1635,1573
篮乞备,9技,3001,1564,1437
篮乞备,10技,3415,1742,1673
篮乞备,11技,3328,1691,1637
篮乞备,12技,3403,1762,1641
篮乞备,13技,3331,1675,1656
篮乞备,14技,3485,1812,1673
篮乞备,15技,3819,1953,1866
篮乞备,16技,3665,1902,1763
篮乞备,17技,3539,1859,1680
篮乞备,18技,3755,1899,1856
篮乞备,19技,4187,2081,2106
篮乞备,20技,4273,2149,2124
篮乞备,21技,4529,2225,2304
篮乞备,22技,5517,2628,2889
篮乞备,23技,5809,2737,3072
篮乞备,24技,6053,2811,3242
篮乞备,25技,6597,2956,3641
篮乞备,26技,7102,3139,3963
篮乞备,27技,7276,3370,3906
篮乞备,28技,7537,3563,3974
篮乞备,29技,7697,3627,4070
篮乞备,30技,7750,3703,4047
篮乞备,31技,7505,3615,3890
篮乞备,32技,6890,3315,3575
篮乞备,33技,6446,3271,3175
篮乞备,34技,6232,3000,3232
篮乞备,35技,5941,2914,3027
篮乞备,36技,5974,2891,3083
篮乞备,37技,6050,2973,3077
篮乞备,38技,5938,2966,2972
篮乞备,39技,6694,3372,3322
篮乞备,40技,7098,3491,3607
篮乞备,41技,7409,3776,3633
篮乞备,42技,7359,3725,3634
篮乞备,43技,7312,3562,3750
篮乞备,44技,6338,3132,3206
篮乞备,45技,6614,3250,3364
篮乞备,46技,6496,3210,3286
篮乞备,47技,6909,3406,3503
篮乞备,48技,7357,3546,3811
篮乞备,49技,7998,3906,4092
篮乞备,50技,8092,3949,4143
篮乞备,51技,8507,4163,4344
篮乞备,52技,8405,4077,4328
篮乞备,53技,8068,3897,4171
篮乞备,54技,8203,4008,4195
篮乞备,55技,7278,3408,3870
篮乞备,56技,7118,3467,3651
篮乞备,57技,7131,3358,3773
篮乞备,58技,7055,3347,3708
篮乞备,59技,6609,3138,3471
篮乞备,60技,7537,3611,3926
篮乞备,61技,7306,3447,3859
篮乞备,62技,7990,3715,4275
篮乞备,63技,7694,3551,4143
篮乞备,64技,7065,3322,3743
篮乞备,65技,6790,3121,3669
篮乞备,66技,6243,2870,3373
篮乞备,67技,6112,2820,3292
篮乞备,68技,6311,2804,3507
篮乞备,69技,4930,2201,2729
篮乞备,70技,5195,2334,2861
篮乞备,71技,4170,1838,2332
篮乞备,72技,4084,1791,2293
篮乞备,73技,4197,1851,2346
篮乞备,74技,4092,1818,2274
篮乞备,75技,4232,1779,2453
篮乞备,76技,3991,1750,2241
篮乞备,77技,2979,1271,1708
篮乞备,78技,2985,1242,1743
篮乞备,79技,2937,1190,1747
篮乞备,80技,3429,1468,1961
篮乞备,81技,3173,1399,1774
篮乞备,82技,2366,1003,1363
篮乞备,83技,2196,932,1264
篮乞备,84技,1982,772,1210
篮乞备,85技,1597,612,985
篮乞备,86技,1518,558,960
篮乞备,87技,1224,455,769
篮乞备,88技,981,322,659
篮乞备,89技,734,249,485
篮乞备,90技,534,166,368
篮乞备,91技,441,121,320
篮乞备,92技,312,87,225
篮乞备,93技,257,65,192
篮乞备,94技,195,70,125
篮乞备,95技,137,24,113
篮乞备,96技,92,22,70
篮乞备,97技,61,12,49
篮乞备,98技,44,9,35
篮乞备,99技,38,11,27
篮乞备,100技 捞惑,52,14,38
辑措巩备,拌,308338,146684,161654
辑措巩备,0技,1337,674,663
辑措巩备,1技,1532,806,726
辑措巩备,2技,1513,744,769
辑措巩备,3技,1613,847,766
辑措巩备,4技,1718,923,795
辑措巩备,5技,1910,964,946
辑措巩备,6技,2063,1025,1038
辑措巩备,7技,2207,1128,1079
辑措巩备,8技,2277,1131,1146
辑措巩备,9技,2147,1065,1082
辑措巩备,10技,2270,1133,1137
辑措巩备,11技,2119,1080,1039
辑措巩备,12技,2243,1165,1078
辑措巩备,13技,2105,1046,1059
辑措巩备,14技,2104,1078,1026
辑措巩备,15技,2203,1103,1100
辑措巩备,16技,2233,1127,1106
辑措巩备,17技,2105,1053,1052
辑措巩备,18技,2426,1192,1234
辑措巩备,19技,2925,1366,1559
辑措巩备,20技,3364,1486,1878
辑措巩备,21技,3786,1614,2172
辑措巩备,22技,4630,1992,2638
辑措巩备,23技,4913,2254,2659
辑措巩备,24技,5268,2463,2805
辑措巩备,25技,5438,2511,2927
辑措巩备,26技,5456,2651,2805
辑措巩备,27技,5610,2738,2872
辑措巩备,28技,5358,2674,2684
辑措巩备,29技,5219,2583,2636
辑措巩备,30技,5190,2595,2595
辑措巩备,31技,5082,2577,2505
辑措巩备,32技,4583,2233,2350
辑措巩备,33技,4431,2199,2232
辑措巩备,34技,4348,2063,2285
辑措巩备,35技,4115,2010,2105
辑措巩备,36技,4175,2061,2114
辑措巩备,37技,4247,2118,2129
辑措巩备,38技,4179,2057,2122
辑措巩备,39技,4481,2198,2283
辑措巩备,40技,4687,2335,2352
辑措巩备,41技,4871,2426,2445
辑措巩备,42技,4785,2388,2397
辑措巩备,43技,4567,2279,2288
辑措巩备,44技,4146,2048,2098
辑措巩备,45技,4153,2018,2135
辑措巩备,46技,4153,2023,2130
辑措巩备,47技,4224,2123,2101
辑措巩备,48技,4546,2257,2289
辑措巩备,49技,4955,2313,2642
辑措巩备,50技,5026,2424,2602
辑措巩备,51技,5429,2674,2755
辑措巩备,52技,5407,2630,2777
辑措巩备,53技,5266,2533,2733
辑措巩备,54技,5241,2544,2697
辑措巩备,55技,4738,2239,2499
辑措巩备,56技,4441,2177,2264
辑措巩备,57技,4613,2328,2285
辑措巩备,58技,4653,2181,2472
辑措巩备,59技,4136,1959,2177
辑措巩备,60技,4688,2291,2397
辑措巩备,61技,4413,2176,2237
辑措巩备,62技,4948,2287,2661
辑措巩备,63技,4622,2184,2438
辑措巩备,64技,4313,2065,2248
辑措巩备,65技,4144,1999,2145
辑措巩备,66技,3776,1715,2061
辑措巩备,67技,3673,1697,1976
辑措巩备,68技,3724,1705,2019
辑措巩备,69技,2894,1347,1547
辑措巩备,70技,3070,1437,1633
辑措巩备,71技,2425,1074,1351
辑措巩备,72技,2282,1000,1282
辑措巩备,73技,2571,1082,1489
辑措巩备,74技,2379,965,1414
辑措巩备,75技,2542,1082,1460
辑措巩备,76技,2573,1085,1488
辑措巩备,77技,1788,768,1020
辑措巩备,78技,1901,797,1104
辑措巩备,79技,1851,732,1119
辑措巩备,80技,2267,942,1325
辑措巩备,81技,2088,867,1221
辑措巩备,82技,1537,618,919
辑措巩备,83技,1550,576,974
辑措巩备,84技,1368,541,827
辑措巩备,85技,1132,423,709
辑措巩备,86技,1036,392,644
辑措巩备,87技,916,335,581
辑措巩备,88技,703,246,457
辑措巩备,89技,508,164,344
辑措巩备,90技,421,130,291
辑措巩备,91技,308,101,207
辑措巩备,92技,246,62,184
辑措巩备,93技,226,57,169
辑措巩备,94技,143,45,98
辑措巩备,95技,113,28,85
辑措巩备,96技,88,16,72
辑措巩备,97技,40,9,31
辑措巩备,98技,34,4,30
辑措巩备,99技,20,2,18
辑措巩备,100技 捞惑,57,12,45
付器备,拌,365287,171058,194229
付器备,0技,1649,845,804
付器备,1技,1782,900,882
付器备,2技,1813,948,865
付器备,3技,1856,979,877
付器备,4技,2082,1096,986
付器备,5技,2078,1033,1045
付器备,6技,2533,1294,1239
付器备,7技,2637,1324,1313
付器备,8技,2553,1316,1237
付器备,9技,2382,1175,1207
付器备,10技,2700,1386,1314
付器备,11技,2542,1283,1259
付器备,12技,2678,1345,1333
付器备,13技,2529,1302,1227
付器备,14技,2626,1312,1314
付器备,15技,2916,1485,1431
付器备,16技,2613,1289,1324
付器备,17技,2624,1340,1284
付器备,18技,2794,1354,1440
付器备,19技,3254,1581,1673
付器备,20技,3429,1602,1827
付器备,21技,4003,1739,2264
付器备,22技,5047,2227,2820
付器备,23技,5541,2355,3186
付器备,24技,5996,2557,3439
付器备,25技,6500,2782,3718
付器备,26技,7047,3061,3986
付器备,27技,7419,3256,4163
付器备,28技,7445,3414,4031
付器备,29技,7396,3443,3953
付器备,30技,7691,3586,4105
付器备,31技,7363,3465,3898
付器备,32技,6641,3110,3531
付器备,33技,6195,2907,3288
付器备,34技,6148,2881,3267
付器备,35技,5876,2744,3132
付器备,36技,5894,2716,3178
付器备,37技,5883,2825,3058
付器备,38技,5715,2771,2944
付器备,39技,5998,2901,3097
付器备,40技,6154,3025,3129
付器备,41技,6317,3104,3213
付器备,42技,5984,2896,3088
付器备,43技,5933,2873,3060
付器备,44技,5320,2604,2716
付器备,45技,5312,2487,2825
付器备,46技,5469,2583,2886
付器备,47技,5446,2654,2792
付器备,48技,5755,2799,2956
付器备,49技,6175,3003,3172
付器备,50技,6289,3019,3270
付器备,51技,6467,3187,3280
付器备,52技,6331,3016,3315
付器备,53技,6019,3005,3014
付器备,54技,5871,2898,2973
付器备,55技,5268,2495,2773
付器备,56技,4799,2353,2446
付器备,57技,5009,2498,2511
付器备,58技,4958,2363,2595
付器备,59技,4435,2200,2235
付器备,60技,4949,2423,2526
付器备,61技,4690,2266,2424
付器备,62技,5097,2460,2637
付器备,63技,4777,2272,2505
付器备,64技,4289,1963,2326
付器备,65技,4115,1922,2193
付器备,66技,3871,1750,2121
付器备,67技,3722,1699,2023
付器备,68技,3756,1773,1983
付器备,69技,2878,1252,1626
付器备,70技,2995,1338,1657
付器备,71技,2515,1115,1400
付器备,72技,2321,983,1338
付器备,73技,2550,1073,1477
付器备,74技,2439,982,1457
付器备,75技,2523,1075,1448
付器备,76技,2461,977,1484
付器备,77技,1746,678,1068
付器备,78技,2020,858,1162
付器备,79技,1864,746,1118
付器备,80技,2196,945,1251
付器备,81技,2003,830,1173
付器备,82技,1619,635,984
付器备,83技,1441,584,857
付器备,84技,1303,492,811
付器备,85技,1107,422,685
付器备,86技,1005,356,649
付器备,87技,842,304,538
付器备,88技,685,229,456
付器备,89技,551,163,388
付器备,90技,442,145,297
付器备,91技,359,112,247
付器备,92技,269,77,192
付器备,93技,193,51,142
付器备,94技,179,41,138
付器备,95技,109,29,80
付器备,96技,73,14,59
付器备,97技,49,12,37
付器备,98技,21,4,17
付器备,99技,25,6,19
付器备,100技 捞惑,59,11,48
剧玫备,拌,438848,214455,224393
剧玫备,0技,1516,749,767
剧玫备,1技,1718,916,802
剧玫备,2技,1920,986,934
剧玫备,3技,1956,1054,902
剧玫备,4技,2309,1233,1076
剧玫备,5技,2566,1273,1293
剧玫备,6技,3145,1625,1520
剧玫备,7技,3567,1795,1772
剧玫备,8技,3719,1894,1825
剧玫备,9技,4005,2054,1951
剧玫备,10技,4508,2283,2225
剧玫备,11技,4520,2373,2147
剧玫备,12技,4941,2550,2391
剧玫备,13技,4753,2486,2267
剧玫备,14技,4952,2576,2376
剧玫备,15技,5394,2856,2538
剧玫备,16技,4833,2491,2342
剧玫备,17技,4665,2466,2199
剧玫备,18技,4760,2470,2290
剧玫备,19技,4760,2464,2296
剧玫备,20技,4529,2364,2165
剧玫备,21技,4606,2369,2237
剧玫备,22技,5161,2651,2510
剧玫备,23技,5375,2704,2671
剧玫备,24技,5287,2649,2638
剧玫备,25技,5593,2770,2823
剧玫备,26技,5604,2787,2817
剧玫备,27技,5884,2944,2940
剧玫备,28技,5889,2967,2922
剧玫备,29技,5938,3008,2930
剧玫备,30技,5990,2985,3005
剧玫备,31技,5890,2980,2910
剧玫备,32技,5459,2804,2655
剧玫备,33技,5074,2587,2487
剧玫备,34技,4998,2489,2509
剧玫备,35技,4823,2410,2413
剧玫备,36技,4902,2353,2549
剧玫备,37技,5266,2592,2674
剧玫备,38技,5302,2545,2757
剧玫备,39技,6031,2916,3115
剧玫备,40技,6564,3129,3435
剧玫备,41技,7129,3447,3682
剧玫备,42技,7367,3475,3892
剧玫备,43技,7588,3604,3984
剧玫备,44技,7014,3308,3706
剧玫备,45技,7184,3313,3871
剧玫备,46技,7108,3419,3689
剧玫备,47技,7520,3643,3877
剧玫备,48技,7817,3831,3986
剧玫备,49技,8253,4015,4238
剧玫备,50技,8251,4033,4218
剧玫备,51技,8528,4276,4252
剧玫备,52技,8430,4194,4236
剧玫备,53技,7880,3957,3923
剧玫备,54技,7944,3896,4048
剧玫备,55技,7100,3560,3540
剧玫备,56技,6816,3353,3463
剧玫备,57技,6847,3401,3446
剧玫备,58技,6878,3378,3500
剧玫备,59技,6260,3050,3210
剧玫备,60技,7137,3552,3585
剧玫备,61技,6616,3186,3430
剧玫备,62技,7378,3537,3841
剧玫备,63技,7024,3370,3654
剧玫备,64技,6481,3033,3448
剧玫备,65技,6087,2856,3231
剧玫备,66技,5841,2722,3119
剧玫备,67技,5595,2611,2984
剧玫备,68技,5747,2722,3025
剧玫备,69技,4479,2130,2349
剧玫备,70技,4610,2173,2437
剧玫备,71技,3790,1817,1973
剧玫备,72技,3380,1649,1731
剧玫备,73技,3576,1717,1859
剧玫备,74技,3419,1623,1796
剧玫备,75技,3276,1518,1758
剧玫备,76技,3038,1438,1600
剧玫备,77技,1987,887,1100
剧玫备,78技,2302,1018,1284
剧玫备,79技,2008,877,1131
剧玫备,80技,2247,1018,1229
剧玫备,81技,1977,867,1110
剧玫备,82技,1523,611,912
剧玫备,83技,1448,561,887
剧玫备,84技,1290,481,809
剧玫备,85技,1097,400,697
剧玫备,86技,932,289,643
剧玫备,87技,813,262,551
剧玫备,88技,669,190,479
剧玫备,89技,569,148,421
剧玫备,90技,459,115,344
剧玫备,91技,373,83,290
剧玫备,92技,258,53,205
剧玫备,93技,247,52,195
剧玫备,94技,193,44,149
剧玫备,95技,123,35,88
剧玫备,96技,78,25,53
剧玫备,97技,62,7,55
剧玫备,98技,44,9,35
剧玫备,99技,31,9,22
剧玫备,100技 捞惑,58,10,48
碍辑备,拌,567883,272404,295479
碍辑备,0技,2608,1295,1313
碍辑备,1技,2650,1320,1330
碍辑备,2技,2768,1403,1365
碍辑备,3技,2970,1545,1425
碍辑备,4技,2973,1526,1447
碍辑备,5技,3229,1634,1595
碍辑备,6技,3543,1817,1726
碍辑备,7技,4075,2114,1961
碍辑备,8技,3895,1905,1990
碍辑备,9技,4026,2101,1925
碍辑备,10技,4405,2232,2173
碍辑备,11技,4293,2237,2056
碍辑备,12技,4228,2138,2090
碍辑备,13技,3810,1985,1825
碍辑备,14技,4130,2117,2013
碍辑备,15技,4514,2329,2185
碍辑备,16技,4180,2143,2037
碍辑备,17技,4066,2101,1965
碍辑备,18技,4323,2142,2181
碍辑备,19技,4723,2371,2352
碍辑备,20技,4759,2351,2408
碍辑备,21技,5272,2574,2698
碍辑备,22技,6267,2978,3289
碍辑备,23技,6844,3069,3775
碍辑备,24技,7319,3215,4104
碍辑备,25技,8497,3597,4900
碍辑备,26技,9499,4098,5401
碍辑备,27技,10440,4639,5801
碍辑备,28技,11269,5163,6106
碍辑备,29技,11408,5364,6044
碍辑备,30技,11879,5675,6204
碍辑备,31技,11666,5598,6068
碍辑备,32技,10667,5290,5377
碍辑备,33技,10008,5120,4888
碍辑备,34技,9537,4800,4737
碍辑备,35技,8922,4490,4432
碍辑备,36技,8741,4512,4229
碍辑备,37技,8692,4400,4292
碍辑备,38技,8217,4210,4007
碍辑备,39技,8997,4644,4353
碍辑备,40技,9349,4798,4551
碍辑备,41技,9818,5020,4798
碍辑备,42技,9318,4736,4582
碍辑备,43技,9347,4692,4655
碍辑备,44技,8263,4077,4186
碍辑备,45技,8115,4008,4107
碍辑备,46技,7876,4000,3876
碍辑备,47技,8078,3931,4147
碍辑备,48技,8503,4237,4266
碍辑备,49技,8986,4459,4527
碍辑备,50技,9044,4562,4482
碍辑备,51技,9012,4475,4537
碍辑备,52技,8966,4417,4549
碍辑备,53技,8615,4257,4358
碍辑备,54技,8817,4305,4512
碍辑备,55技,7719,3702,4017
碍辑备,56技,7558,3617,3941
碍辑备,57技,7807,3624,4183
碍辑备,58技,8196,3833,4363
碍辑备,59技,7381,3470,3911
碍辑备,60技,8701,4129,4572
碍辑备,61技,8424,3963,4461
碍辑备,62技,9487,4330,5157
碍辑备,63技,9026,4157,4869
碍辑备,64技,8443,3918,4525
碍辑备,65技,8113,3750,4363
碍辑备,66技,7582,3475,4107
碍辑备,67技,7373,3297,4076
碍辑备,68技,7487,3381,4106
碍辑备,69技,5865,2673,3192
碍辑备,70技,6157,2864,3293
碍辑备,71技,4959,2292,2667
碍辑备,72技,4462,2064,2398
碍辑备,73技,4827,2239,2588
碍辑备,74技,4476,2118,2358
碍辑备,75技,4423,2061,2362
碍辑备,76技,4210,1996,2214
碍辑备,77技,2916,1348,1568
碍辑备,78技,2975,1394,1581
碍辑备,79技,2769,1241,1528
碍辑备,80技,3034,1331,1703
碍辑备,81技,2666,1131,1535
碍辑备,82技,2255,911,1344
碍辑备,83技,1959,759,1200
碍辑备,84技,1816,668,1148
碍辑备,85技,1458,536,922
碍辑备,86技,1283,390,893
碍辑备,87技,1207,379,828
碍辑备,88技,977,322,655
碍辑备,89技,748,214,534
碍辑备,90技,627,167,460
碍辑备,91技,514,125,389
碍辑备,92技,393,88,305
碍辑备,93技,343,73,270
碍辑备,94技,259,59,200
碍辑备,95技,184,27,157
碍辑备,96技,122,22,100
碍辑备,97技,99,14,85
碍辑备,98技,62,12,50
碍辑备,99技,48,7,41
碍辑备,100技 捞惑,77,17,60
备肺备,拌,395099,193938,201161
备肺备,0技,1974,1006,968
备肺备,1技,2087,1099,988
备肺备,2技,2095,1071,1024
备肺备,3技,2176,1130,1046
备肺备,4技,2340,1242,1098
备肺备,5技,2306,1188,1118
备肺备,6技,2445,1239,1206
备肺备,7技,2794,1419,1375
备肺备,8技,2711,1368,1343
备肺备,9技,2699,1401,1298
备肺备,10技,2951,1444,1507
备肺备,11技,2827,1413,1414
备肺备,12技,2991,1549,1442
备肺备,13技,2645,1374,1271
备肺备,14技,2785,1385,1400
备肺备,15技,3016,1517,1499
备肺备,16技,2741,1393,1348
备肺备,17技,2732,1449,1283
备肺备,18技,2865,1498,1367
备肺备,19技,3030,1521,1509
备肺备,20技,3262,1638,1624
备肺备,21技,3580,1835,1745
备肺备,22技,4363,2106,2257
备肺备,23技,4851,2222,2629
备肺备,24技,4956,2281,2675
备肺备,25技,5678,2567,3111
备肺备,26技,5917,2808,3109
备肺备,27技,6429,3153,3276
备肺备,28技,6641,3294,3347
备肺备,29技,6653,3364,3289
备肺备,30技,6942,3433,3509
备肺备,31技,6944,3460,3484
备肺备,32技,6387,3188,3199
备肺备,33技,6258,3196,3062
备肺备,34技,6220,3231,2989
备肺备,35技,5874,3067,2807
备肺备,36技,5776,2953,2823
备肺备,37技,5684,2955,2729
备肺备,38技,5491,2866,2625
备肺备,39技,5895,3070,2825
备肺备,40技,6234,3216,3018
备肺备,41技,6415,3339,3076
备肺备,42技,6389,3275,3114
备肺备,43技,6256,3159,3097
备肺备,44技,5567,2815,2752
备肺备,45技,5586,2880,2706
备肺备,46技,5462,2787,2675
备肺备,47技,5508,2743,2765
备肺备,48技,5899,3044,2855
备肺备,49技,6288,3164,3124
备肺备,50技,6543,3322,3221
备肺备,51技,6505,3294,3211
备肺备,52技,6565,3268,3297
备肺备,53技,6304,3142,3162
备肺备,54技,6521,3121,3400
备肺备,55技,5917,2886,3031
备肺备,56技,5765,2912,2853
备肺备,57技,5983,2951,3032
备肺备,58技,6059,2964,3095
备肺备,59技,5479,2666,2813
备肺备,60技,6431,3152,3279
备肺备,61技,6113,3012,3101
备肺备,62技,6837,3280,3557
备肺备,63技,6477,3019,3458
备肺备,64技,6097,2865,3232
备肺备,65技,5769,2726,3043
备肺备,66技,5470,2572,2898
备肺备,67技,5464,2522,2942
备肺备,68技,5450,2483,2967
备肺备,69技,4560,2103,2457
备肺备,70技,4487,2051,2436
备肺备,71技,3882,1827,2055
备肺备,72技,3497,1626,1871
备肺备,73技,3936,1850,2086
备肺备,74技,3588,1738,1850
备肺备,75技,3565,1671,1894
备肺备,76技,3331,1596,1735
备肺备,77技,2369,1079,1290
备肺备,78技,2477,1146,1331
备肺备,79技,2320,1055,1265
备肺备,80技,2606,1169,1437
备肺备,81技,2316,1052,1264
备肺备,82技,1738,744,994
备肺备,83技,1583,668,915
备肺备,84技,1497,634,863
备肺备,85技,1183,449,734
备肺备,86技,1020,381,639
备肺备,87技,851,304,547
备肺备,88技,730,240,490
备肺备,89技,500,159,341
备肺备,90技,406,125,281
备肺备,91技,326,87,239
备肺备,92技,242,60,182
备肺备,93技,209,46,163
备肺备,94技,162,44,118
备肺备,95技,120,19,101
备肺备,96技,83,14,69
备肺备,97技,39,5,34
备肺备,98技,30,7,23
备肺备,99技,31,10,21
备肺备,100技 捞惑,51,7,44
陛玫备,拌,229328,115578,113750
陛玫备,0技,934,473,461
陛玫备,1技,932,487,445
陛玫备,2技,939,488,451
陛玫备,3技,937,488,449
陛玫备,4技,1016,531,485
陛玫备,5技,1046,536,510
陛玫备,6技,1077,564,513
陛玫备,7技,1186,593,593
陛玫备,8技,1179,577,602
陛玫备,9技,1165,621,544
陛玫备,10技,1302,666,636
陛玫备,11技,1235,621,614
陛玫备,12技,1285,642,643
陛玫备,13技,1189,609,580
陛玫备,14技,1218,626,592
陛玫备,15技,1355,686,669
陛玫备,16技,1387,710,677
陛玫备,17技,1315,657,658
陛玫备,18技,1410,685,725
陛玫备,19技,1564,785,779
陛玫备,20技,1708,888,820
陛玫备,21技,1922,907,1015
陛玫备,22技,2464,1146,1318
陛玫备,23技,2859,1308,1551
陛玫备,24技,3322,1533,1789
陛玫备,25技,4017,1858,2159
陛玫备,26技,4452,2068,2384
陛玫备,27技,4963,2469,2494
陛玫备,28技,5088,2617,2471
陛玫备,29技,5234,2725,2509
陛玫备,30技,5200,2774,2426
陛玫备,31技,4879,2671,2208
陛玫备,32技,4281,2321,1960
陛玫备,33技,3851,2181,1670
陛玫备,34技,3790,2134,1656
陛玫备,35技,3371,1847,1524
陛玫备,36技,3185,1788,1397
陛玫备,37技,3142,1745,1397
陛玫备,38技,2856,1566,1290
陛玫备,39技,3169,1755,1414
陛玫备,40技,3138,1741,1397
陛玫备,41技,3300,1791,1509
陛玫备,42技,3181,1797,1384
陛玫备,43技,3036,1628,1408
陛玫备,44技,2753,1455,1298
陛玫备,45技,2786,1474,1312
陛玫备,46技,2698,1406,1292
陛玫备,47技,2874,1470,1404
陛玫备,48技,3077,1632,1445
陛玫备,49技,3400,1748,1652
陛玫备,50技,3631,1850,1781
陛玫备,51技,3690,1912,1778
陛玫备,52技,3813,1894,1919
陛玫备,53技,3834,1931,1903
陛玫备,54技,3975,1975,2000
陛玫备,55技,3694,1793,1901
陛玫备,56技,3718,1808,1910
陛玫备,57技,4004,2043,1961
陛玫备,58技,3949,2004,1945
陛玫备,59技,3628,1827,1801
陛玫备,60技,4215,2149,2066
陛玫备,61技,3991,2008,1983
陛玫备,62技,4412,2198,2214
陛玫备,63技,4186,2127,2059
陛玫备,64技,3806,1817,1989
陛玫备,65技,3418,1730,1688
陛玫备,66技,3211,1567,1644
陛玫备,67技,3154,1553,1601
陛玫备,68技,3190,1458,1732
陛玫备,69技,2466,1181,1285
陛玫备,70技,2434,1158,1276
陛玫备,71技,2244,1043,1201
陛玫备,72技,1927,959,968
陛玫备,73技,2143,996,1147
陛玫备,74技,1984,953,1031
陛玫备,75技,1937,866,1071
陛玫备,76技,1891,886,1005
陛玫备,77技,1350,595,755
陛玫备,78技,1400,638,762
陛玫备,79技,1318,595,723
陛玫备,80技,1502,682,820
陛玫备,81技,1359,607,752
陛玫备,82技,983,403,580
陛玫备,83技,969,418,551
陛玫备,84技,842,341,501
陛玫备,85技,658,282,376
陛玫备,86技,551,182,369
陛玫备,87技,487,176,311
陛玫备,88技,403,127,276
陛玫备,89技,311,91,220
陛玫备,90技,273,79,194
陛玫备,91技,177,60,117
陛玫备,92技,160,42,118
陛玫备,93技,101,28,73
陛玫备,94技,76,15,61
陛玫备,95技,55,10,45
陛玫备,96技,46,13,33
陛玫备,97技,24,4,20
陛玫备,98技,25,4,21
陛玫备,99技,15,5,10
陛玫备,100技 捞惑,31,7,24
康殿器备,拌,376423,184827,191596
康殿器备,0技,2052,1051,1001
康殿器备,1技,2208,1130,1078
康殿器备,2技,2110,1106,1004
康殿器备,3技,2167,1085,1082
康殿器备,4技,2260,1142,1118
康殿器备,5技,2439,1240,1199
康殿器备,6技,2401,1212,1189
康殿器备,7技,2561,1310,1251
康殿器备,8技,2510,1301,1209
康殿器备,9技,2322,1227,1095
康殿器备,10技,2429,1241,1188
康殿器备,11技,2397,1199,1198
康殿器备,12技,2346,1169,1177
康殿器备,13技,2154,1100,1054
康殿器备,14技,2234,1137,1097
康殿器备,15技,2413,1305,1108
康殿器备,16技,2245,1162,1083
康殿器备,17技,2221,1196,1025
康殿器备,18技,2334,1218,1116
康殿器备,19技,2721,1422,1299
康殿器备,20技,2800,1384,1416
康殿器备,21技,3274,1584,1690
康殿器备,22技,4235,1876,2359
康殿器备,23技,4814,2044,2770
康殿器备,24技,5483,2329,3154
康殿器备,25技,6235,2636,3599
康殿器备,26技,7018,3086,3932
康殿器备,27技,7718,3523,4195
康殿器备,28技,8061,3859,4202
康殿器备,29技,8234,4033,4201
康殿器备,30技,8618,4222,4396
康殿器备,31技,8550,4230,4320
康殿器备,32技,7572,3771,3801
康殿器备,33技,7244,3669,3575
康殿器备,34技,7049,3602,3447
康殿器备,35技,6556,3361,3195
康殿器备,36技,6361,3230,3131
康殿器备,37技,6269,3245,3024
康殿器备,38技,5924,3057,2867
康殿器备,39技,6044,3148,2896
康殿器备,40技,6242,3274,2968
康殿器备,41技,6249,3233,3016
康殿器备,42技,5881,3086,2795
康殿器备,43技,5782,2962,2820
康殿器备,44技,4995,2584,2411
康殿器备,45技,4974,2535,2439
康殿器备,46技,4961,2549,2412
康殿器备,47技,4951,2488,2463
康殿器备,48技,5166,2672,2494
康殿器备,49技,5551,2792,2759
康殿器备,50技,5687,2891,2796
康殿器备,51技,5926,3021,2905
康殿器备,52技,5961,3014,2947
康殿器备,53技,5700,2866,2834
康殿器备,54技,6003,3030,2973
康殿器备,55技,5271,2632,2639
康殿器备,56技,5226,2661,2565
康殿器备,57技,5276,2733,2543
康殿器备,58技,5363,2717,2646
康殿器备,59技,4950,2553,2397
康殿器备,60技,5615,2930,2685
康殿器备,61技,5167,2561,2606
康殿器备,62技,5806,2824,2982
康殿器备,63技,5528,2638,2890
康殿器备,64技,5170,2533,2637
康殿器备,65技,4907,2424,2483
康殿器备,66技,4514,2195,2319
康殿器备,67技,4365,2145,2220
康殿器备,68技,4574,2133,2441
康殿器备,69技,3421,1603,1818
康殿器备,70技,3666,1748,1918
康殿器备,71技,3107,1484,1623
康殿器备,72技,2911,1311,1600
康殿器备,73技,3087,1413,1674
康殿器备,74技,2953,1363,1590
康殿器备,75技,2954,1356,1598
康殿器备,76技,2775,1261,1514
康殿器备,77技,2031,956,1075
康殿器备,78技,2069,933,1136
康殿器备,79技,2038,874,1164
康殿器备,80技,2339,1011,1328
康殿器备,81技,2073,888,1185
康殿器备,82技,1581,698,883
康殿器备,83技,1516,629,887
康殿器备,84技,1377,589,788
康殿器备,85技,1178,471,707
康殿器备,86技,1054,395,659
康殿器备,87技,905,359,546
康殿器备,88技,713,258,455
康殿器备,89技,591,191,400
康殿器备,90技,458,147,311
康殿器备,91技,343,107,236
康殿器备,92技,258,85,173
康殿器备,93技,191,49,142
康殿器备,94技,149,44,105
康殿器备,95技,119,35,84
康殿器备,96技,71,17,54
康殿器备,97技,37,5,32
康殿器备,98技,27,7,20
康殿器备,99技,38,9,29
康殿器备,100技 捞惑,49,13,36
悼累备,拌,380385,184072,196313
悼累备,0技,1562,812,750
悼累备,1技,1682,843,839
悼累备,2技,1782,927,855
悼累备,3技,1795,954,841
悼累备,4技,2017,1056,961
悼累备,5技,2107,1049,1058
悼累备,6技,2273,1121,1152
悼累备,7技,2629,1331,1298
悼累备,8技,2662,1357,1305
悼累备,9技,2406,1235,1171
悼累备,10技,2630,1349,1281
悼累备,11技,2556,1300,1256
悼累备,12技,2631,1358,1273
悼累备,13技,2377,1224,1153
悼累备,14技,2498,1291,1207
悼累备,15技,2577,1363,1214
悼累备,16技,2574,1321,1253
悼累备,17技,2471,1222,1249
悼累备,18技,2872,1477,1395
悼累备,19技,3484,1717,1767
悼累备,20技,3820,1790,2030
悼累备,21技,4239,1935,2304
悼累备,22技,5482,2622,2860
悼累备,23技,6005,2777,3228
悼累备,24技,6664,3161,3503
悼累备,25技,7307,3434,3873
悼累备,26技,7659,3700,3959
悼累备,27技,7810,3880,3930
悼累备,28技,7811,4056,3755
悼累备,29技,7405,3719,3686
悼累备,30技,7498,3790,3708
悼累备,31技,7184,3634,3550
悼累备,32技,6481,3349,3132
悼累备,33技,6077,3107,2970
悼累备,34技,5774,2967,2807
悼累备,35技,5443,2701,2742
悼累备,36技,5312,2686,2626
悼累备,37技,5242,2672,2570
悼累备,38技,5192,2670,2522
悼累备,39技,5524,2729,2795
悼累备,40技,5827,2919,2908
悼累备,41技,6001,3057,2944
悼累备,42技,5743,2945,2798
悼累备,43技,5884,2939,2945
悼累备,44技,5204,2641,2563
悼累备,45技,5046,2420,2626
悼累备,46技,5194,2642,2552
悼累备,47技,5194,2545,2649
悼累备,48技,5556,2780,2776
悼累备,49技,5906,2948,2958
悼累备,50技,5943,2887,3056
悼累备,51技,6318,3130,3188
悼累备,52技,6137,3007,3130
悼累备,53技,6087,3012,3075
悼累备,54技,6141,2983,3158
悼累备,55技,5439,2552,2887
悼累备,56技,5294,2610,2684
悼累备,57技,5221,2451,2770
悼累备,58技,5424,2624,2800
悼累备,59技,5051,2436,2615
悼累备,60技,5533,2650,2883
悼累备,61技,5383,2541,2842
悼累备,62技,5858,2682,3176
悼累备,63技,5716,2666,3050
悼累备,64技,5220,2373,2847
悼累备,65技,5133,2361,2772
悼累备,66技,4649,2107,2542
悼累备,67技,4638,2170,2468
悼累备,68技,4655,2108,2547
悼累备,69技,3728,1704,2024
悼累备,70技,3841,1736,2105
悼累备,71技,3410,1497,1913
悼累备,72技,3031,1325,1706
悼累备,73技,3332,1469,1863
悼累备,74技,3178,1382,1796
悼累备,75技,3238,1415,1823
悼累备,76技,3201,1370,1831
悼累备,77技,2231,943,1288
悼累备,78技,2339,1008,1331
悼累备,79技,2148,979,1169
悼累备,80技,2484,1167,1317
悼累备,81技,2246,1044,1202
悼累备,82技,1693,744,949
悼累备,83技,1575,653,922
悼累备,84技,1439,601,838
悼累备,85技,1184,466,718
悼累备,86技,1097,412,685
悼累备,87技,900,336,564
悼累备,88技,734,254,480
悼累备,89技,550,182,368
悼累备,90技,466,131,335
悼累备,91技,332,109,223
悼累备,92技,264,70,194
悼累备,93技,225,55,170
悼累备,94技,196,48,148
悼累备,95技,131,32,99
悼累备,96技,90,19,71
悼累备,97技,52,10,42
悼累备,98技,47,14,33
悼累备,99技,35,11,24
悼累备,100技 捞惑,59,14,45
包厩备,拌,487641,245231,242410
包厩备,0技,1418,721,697
包厩备,1技,1548,799,749
包厩备,2技,1413,710,703
包厩备,3技,1601,809,792
包厩备,4技,1534,820,714
包厩备,5技,1698,900,798
包厩备,6技,1957,995,962
包厩备,7技,2045,1053,992
包厩备,8技,2184,1146,1038
包厩备,9技,2108,1088,1020
包厩备,10技,2262,1135,1127
包厩备,11技,2388,1237,1151
包厩备,12技,2336,1176,1160
包厩备,13技,2242,1167,1075
包厩备,14技,2321,1218,1103
包厩备,15技,2614,1324,1290
包厩备,16技,2633,1335,1298
包厩备,17技,2517,1278,1239
包厩备,18技,2966,1462,1504
包厩备,19技,4123,2057,2066
包厩备,20技,4396,2045,2351
包厩备,21技,5488,2484,3004
包厩备,22技,7543,3370,4173
包厩备,23技,9211,3991,5220
包厩备,24技,10951,4692,6259
包厩备,25技,13457,6199,7258
包厩备,26技,14610,7026,7584
包厩备,27技,15397,7827,7570
包厩备,28技,15194,8229,6965
包厩备,29技,14470,7869,6601
包厩备,30技,13790,7466,6324
包厩备,31技,12480,6999,5481
包厩备,32技,10466,5889,4577
包厩备,33技,9291,5242,4049
包厩备,34技,8350,4705,3645
包厩备,35技,7311,4111,3200
包厩备,36技,7011,3876,3135
包厩备,37技,6531,3612,2919
包厩备,38技,6187,3431,2756
包厩备,39技,6538,3579,2959
包厩备,40技,6622,3582,3040
包厩备,41技,6892,3751,3141
包厩备,42技,6721,3667,3054
包厩备,43技,6647,3617,3030
包厩备,44技,5735,3061,2674
包厩备,45技,5763,3035,2728
包厩备,46技,5688,3014,2674
包厩备,47技,5886,3154,2732
包厩备,48技,6319,3343,2976
包厩备,49技,6761,3525,3236
包厩备,50技,6941,3664,3277
包厩备,51技,7119,3777,3342
包厩备,52技,7155,3721,3434
包厩备,53技,6934,3622,3312
包厩备,54技,6891,3457,3434
包厩备,55技,6390,3137,3253
包厩备,56技,6067,3065,3002
包厩备,57技,6278,3200,3078
包厩备,58技,6420,3189,3231
包厩备,59技,5683,2876,2807
包厩备,60技,6753,3351,3402
包厩备,61技,6357,3087,3270
包厩备,62技,7100,3334,3766
包厩备,63技,6814,3191,3623
包厩备,64技,6229,2960,3269
包厩备,65技,5968,2761,3207
包厩备,66技,5510,2549,2961
包厩备,67技,5598,2581,3017
包厩备,68技,5772,2604,3168
包厩备,69技,4544,2036,2508
包厩备,70技,4616,2078,2538
包厩备,71技,4329,2011,2318
包厩备,72技,3884,1780,2104
包厩备,73技,4275,1938,2337
包厩备,74技,3960,1764,2196
包厩备,75技,3935,1759,2176
包厩备,76技,3874,1702,2172
包厩备,77技,2727,1217,1510
包厩备,78技,2884,1281,1603
包厩备,79技,2741,1182,1559
包厩备,80技,3191,1497,1694
包厩备,81技,2811,1265,1546
包厩备,82技,2114,921,1193
包厩备,83技,1882,845,1037
包厩备,84技,1696,721,975
包厩备,85技,1381,578,803
包厩备,86技,1133,426,707
包厩备,87技,906,351,555
包厩备,88技,784,281,503
包厩备,89技,586,200,386
包厩备,90技,441,146,295
包厩备,91技,354,105,249
包厩备,92技,270,63,207
包厩备,93技,203,40,163
包厩备,94技,168,37,131
包厩备,95技,111,23,88
包厩备,96技,94,15,79
包厩备,97技,35,5,30
包厩备,98技,32,4,28
包厩备,99技,29,3,26
包厩备,100技 捞惑,58,10,48
辑檬备,拌,404539,192932,211607
辑檬备,0技,1663,852,811
辑檬备,1技,2001,1044,957
辑檬备,2技,2100,1063,1037
辑檬备,3技,2241,1178,1063
辑檬备,4技,2603,1372,1231
辑檬备,5技,2832,1446,1386
辑檬备,6技,3247,1693,1554
辑檬备,7技,3761,1874,1887
辑檬备,8技,3892,1964,1928
辑檬备,9技,4049,2105,1944
辑檬备,10技,4517,2316,2201
辑檬备,11技,4425,2252,2173
辑檬备,12技,4742,2431,2311
辑檬备,13技,4521,2249,2272
辑檬备,14技,4568,2346,2222
辑檬备,15技,4773,2358,2415
辑檬备,16技,4401,2250,2151
辑檬备,17技,4046,2053,1993
辑檬备,18技,4238,2142,2096
辑檬备,19技,4333,2186,2147
辑檬备,20技,4042,2022,2020
辑檬备,21技,4098,2015,2083
辑檬备,22技,4654,2228,2426
辑檬备,23技,4691,2220,2471
辑檬备,24技,4819,2274,2545
辑檬备,25技,5173,2418,2755
辑檬备,26技,5255,2511,2744
辑檬备,27技,5607,2655,2952
辑檬备,28技,5742,2697,3045
辑檬备,29技,5739,2797,2942
辑檬备,30技,6029,2921,3108
辑檬备,31技,5946,2770,3176
辑檬备,32技,5604,2687,2917
辑檬备,33技,5370,2546,2824
辑檬备,34技,5612,2514,3098
辑檬备,35技,5382,2443,2939
辑檬备,36技,5404,2376,3028
辑檬备,37技,5513,2509,3004
辑檬备,38技,5475,2435,3040
辑檬备,39技,6315,2898,3417
辑檬备,40技,6657,3070,3587
辑檬备,41技,7301,3318,3983
辑檬备,42技,7429,3411,4018
辑檬备,43技,7575,3424,4151
辑檬备,44技,6869,3100,3769
辑檬备,45技,7170,3299,3871
辑檬备,46技,7100,3326,3774
辑檬备,47技,7198,3394,3804
辑檬备,48技,7353,3513,3840
辑檬备,49技,7832,3768,4064
辑檬备,50技,7737,3752,3985
辑檬备,51技,7653,3805,3848
辑檬备,52技,7624,3784,3840
辑檬备,53技,7097,3603,3494
辑檬备,54技,6617,3322,3295
辑檬备,55技,6000,2912,3088
辑檬备,56技,5209,2595,2614
辑檬备,57技,5340,2655,2685
辑檬备,58技,5415,2652,2763
辑檬备,59技,4999,2412,2587
辑檬备,60技,5160,2526,2634
辑檬备,61技,4984,2354,2630
辑檬备,62技,5325,2453,2872
辑檬备,63技,5129,2349,2780
辑檬备,64技,4978,2339,2639
辑檬备,65技,4877,2313,2564
辑檬备,66技,4579,2058,2521
辑檬备,67技,4437,2012,2425
辑檬备,68技,4542,2087,2455
辑檬备,69技,3836,1729,2107
辑檬备,70技,3807,1716,2091
辑檬备,71技,3050,1387,1663
辑檬备,72技,2894,1330,1564
辑檬备,73技,3152,1428,1724
辑檬备,74技,3005,1389,1616
辑檬备,75技,3059,1371,1688
辑檬备,76技,2882,1345,1537
辑檬备,77技,2100,959,1141
辑檬备,78技,2079,1004,1075
辑檬备,79技,1917,901,1016
辑檬备,80技,2030,999,1031
辑檬备,81技,1838,879,959
辑檬备,82技,1401,654,747
辑檬备,83技,1265,585,680
辑檬备,84技,1089,494,595
辑檬备,85技,960,428,532
辑檬备,86技,898,379,519
辑檬备,87技,723,301,422
辑檬备,88技,661,249,412
辑檬备,89技,492,167,325
辑檬备,90技,421,153,268
辑檬备,91技,311,98,213
辑檬备,92技,262,68,194
辑檬备,93技,203,62,141
辑檬备,94技,186,50,136
辑檬备,95技,122,29,93
辑檬备,96技,88,17,71
辑檬备,97技,62,14,48
辑檬备,98技,41,13,28
辑檬备,99技,37,8,29
辑檬备,100技 捞惑,59,10,49
碍巢备,拌,534646,255637,279009
碍巢备,0技,1924,1027,897
碍巢备,1技,2183,1105,1078
碍巢备,2技,2295,1152,1143
碍巢备,3技,2437,1264,1173
碍巢备,4技,2801,1473,1328
碍巢备,5技,3147,1644,1503
碍巢备,6技,3704,1843,1861
碍巢备,7技,4289,2163,2126
碍巢备,8技,4705,2417,2288
碍巢备,9技,4991,2624,2367
碍巢备,10技,5753,3017,2736
碍巢备,11技,5917,3106,2811
碍巢备,12技,6427,3346,3081
碍巢备,13技,5998,3157,2841
碍巢备,14技,6235,3263,2972
碍巢备,15技,6803,3527,3276
碍巢备,16技,6129,3157,2972
碍巢备,17技,5634,2986,2648
碍巢备,18技,5860,3062,2798
碍巢备,19技,5796,3008,2788
碍巢备,20技,5308,2659,2649
碍巢备,21技,5223,2539,2684
碍巢备,22技,6368,3072,3296
碍巢备,23技,6111,2899,3212
碍巢备,24技,6446,3031,3415
碍巢备,25技,7030,3122,3908
碍巢备,26技,7240,3246,3994
碍巢备,27技,7796,3618,4178
碍巢备,28技,8080,3886,4194
碍巢备,29技,8314,4083,4231
碍巢备,30技,8440,4094,4346
碍巢备,31技,8380,3915,4465
碍巢备,32技,7821,3854,3967
碍巢备,33技,7553,3561,3992
碍巢备,34技,7466,3552,3914
碍巢备,35技,6959,3156,3803
碍巢备,36技,7224,3331,3893
碍巢备,37技,7381,3305,4076
碍巢备,38技,7310,3234,4076
碍巢备,39技,8254,3738,4516
碍巢备,40技,8883,3926,4957
碍巢备,41技,9627,4300,5327
碍巢备,42技,9747,4294,5453
碍巢备,43技,10190,4593,5597
碍巢备,44技,9590,4318,5272
碍巢备,45技,9567,4400,5167
碍巢备,46技,9756,4512,5244
碍巢备,47技,9703,4510,5193
碍巢备,48技,9982,4778,5204
碍巢备,49技,10212,4965,5247
碍巢备,50技,10269,4969,5300
碍巢备,51技,10262,5170,5092
碍巢备,52技,10055,5113,4942
碍巢备,53技,9451,4831,4620
碍巢备,54技,8729,4432,4297
碍巢备,55技,7646,3787,3859
碍巢备,56技,6870,3455,3415
碍巢备,57技,7059,3518,3541
碍巢备,58技,6882,3414,3468
碍巢备,59技,6602,3210,3392
碍巢备,60技,6661,3285,3376
碍巢备,61技,6324,3114,3210
碍巢备,62技,6753,3126,3627
碍巢备,63技,6444,3014,3430
碍巢备,64技,6250,2842,3408
碍巢备,65技,6396,2913,3483
碍巢备,66技,6079,2760,3319
碍巢备,67技,5881,2619,3262
碍巢备,68技,6042,2700,3342
碍巢备,69技,5119,2283,2836
碍巢备,70技,5266,2364,2902
碍巢备,71技,4158,1876,2282
碍巢备,72技,3811,1753,2058
碍巢备,73技,4174,1821,2353
碍巢备,74技,4104,1929,2175
碍巢备,75技,3938,1849,2089
碍巢备,76技,3922,1819,2103
碍巢备,77技,2714,1323,1391
碍巢备,78技,2753,1337,1416
碍巢备,79技,2481,1179,1302
碍巢备,80技,2491,1242,1249
碍巢备,81技,2274,1086,1188
碍巢备,82技,1848,878,970
碍巢备,83技,1537,707,830
碍巢备,84技,1454,683,771
碍巢备,85技,1254,535,719
碍巢备,86技,1027,415,612
碍巢备,87技,956,373,583
碍巢备,88技,762,263,499
碍巢备,89技,634,210,424
碍巢备,90技,478,144,334
碍巢备,91技,432,127,305
碍巢备,92技,341,94,247
碍巢备,93技,288,74,214
碍巢备,94技,225,51,174
碍巢备,95技,163,37,126
碍巢备,96技,137,28,109
碍巢备,97技,80,20,60
碍巢备,98技,48,4,44
碍巢备,99技,46,12,34
碍巢备,100技 捞惑,87,17,70
价颇备,拌,657665,316356,341309
价颇备,0技,3051,1550,1501
价颇备,1技,3534,1843,1691
价颇备,2技,3706,1875,1831
价颇备,3技,3957,2067,1890
价颇备,4技,4253,2244,2009
价颇备,5技,4522,2319,2203
价颇备,6技,5294,2793,2501
价颇备,7技,5769,2953,2816
价颇备,8技,5616,2893,2723
价颇备,9技,5464,2779,2685
价颇备,10技,6101,3097,3004
价颇备,11技,5940,3092,2848
价颇备,12技,6085,3170,2915
价颇备,13技,5622,2816,2806
价颇备,14技,5580,2839,2741
价颇备,15技,6099,3103,2996
价颇备,16技,5697,2857,2840
价颇备,17技,5361,2727,2634
价颇备,18技,5625,2924,2701
价颇备,19技,5946,3045,2901
价颇备,20技,5785,2936,2849
价颇备,21技,6211,3168,3043
价颇备,22技,7465,3584,3881
价颇备,23技,7852,3691,4161
价颇备,24技,8068,3671,4397
价颇备,25技,8945,4052,4893
价颇备,26技,9652,4331,5321
价颇备,27技,10544,4918,5626
价颇备,28技,10641,5090,5551
价颇备,29技,11282,5309,5973
价颇备,30技,11483,5510,5973
价颇备,31技,11564,5442,6122
价颇备,32技,10569,5033,5536
价颇备,33技,10464,5054,5410
价颇备,34技,10470,5032,5438
价颇备,35技,9873,4785,5088
价颇备,36技,9944,4705,5239
价颇备,37技,10139,4835,5304
价颇备,38技,9838,4633,5205
价颇备,39技,10840,5209,5631
价颇备,40技,11420,5470,5950
价颇备,41技,11844,5748,6096
价颇备,42技,11719,5639,6080
价颇备,43技,11597,5537,6060
价颇备,44技,10218,4931,5287
价颇备,45技,9950,4782,5168
价颇备,46技,9719,4761,4958
价颇备,47技,9798,4798,5000
价颇备,48技,10246,5157,5089
价颇备,49技,10738,5131,5607
价颇备,50技,10867,5200,5667
价颇备,51技,11156,5344,5812
价颇备,52技,11120,5413,5707
价颇备,53技,10566,5163,5403
价颇备,54技,10717,5189,5528
价颇备,55技,9789,4674,5115
价颇备,56技,9041,4373,4668
价颇备,57技,9561,4663,4898
价颇备,58技,9580,4640,4940
价颇备,59技,8815,4213,4602
价颇备,60技,10023,4876,5147
价颇备,61技,9471,4456,5015
价颇备,62技,10425,4819,5606
价颇备,63技,9897,4565,5332
价颇备,64技,9197,4356,4841
价颇备,65技,9095,4264,4831
价颇备,66技,8395,3884,4511
价颇备,67技,8309,3919,4390
价颇备,68技,8464,3914,4550
价颇备,69技,6505,3022,3483
价颇备,70技,6745,3222,3523
价颇备,71技,5442,2684,2758
价颇备,72技,4887,2306,2581
价颇备,73技,5057,2489,2568
价颇备,74技,4781,2293,2488
价颇备,75技,4648,2311,2337
价颇备,76技,4481,2164,2317
价颇备,77技,3056,1444,1612
价颇备,78技,3087,1528,1559
价颇备,79技,2837,1329,1508
价颇备,80技,2981,1411,1570
价颇备,81技,2727,1274,1453
价颇备,82技,2061,913,1148
价颇备,83技,1844,788,1056
价颇备,84技,1604,671,933
价颇备,85技,1483,604,879
价颇备,86技,1245,466,779
价颇备,87技,1097,380,717
价颇备,88技,964,321,643
价颇备,89技,791,239,552
价颇备,90技,640,169,471
价颇备,91技,531,129,402
价颇备,92技,373,100,273
价颇备,93技,348,76,272
价颇备,94技,271,56,215
价颇备,95技,177,45,132
价颇备,96技,146,27,119
价颇备,97技,81,11,70
价颇备,98技,57,11,46
价颇备,99技,37,5,32
价颇备,100技 捞惑,93,15,78
碍悼备,拌,459567,224899,234668
碍悼备,0技,2361,1219,1142
碍悼备,1技,2669,1395,1274
碍悼备,2技,2678,1359,1319
碍悼备,3技,2813,1412,1401
碍悼备,4技,2989,1581,1408
碍悼备,5技,3149,1628,1521
碍悼备,6技,3491,1837,1654
碍悼备,7技,3884,1984,1900
碍悼备,8技,4049,2118,1931
碍悼备,9技,3852,2013,1839
碍悼备,10技,4069,2151,1918
碍悼备,11技,4023,2098,1925
碍悼备,12技,4078,2170,1908
碍悼备,13技,3883,2031,1852
碍悼备,14技,3940,2062,1878
碍悼备,15技,4106,2230,1876
碍悼备,16技,3787,2054,1733
碍悼备,17技,3550,1868,1682
碍悼备,18技,3696,1902,1794
碍悼备,19技,3880,2031,1849
碍悼备,20技,3924,2035,1889
碍悼备,21技,4144,2129,2015
碍悼备,22技,5053,2551,2502
碍悼备,23技,5135,2455,2680
碍悼备,24技,5398,2565,2833
碍悼备,25技,5977,2750,3227
碍悼备,26技,6537,3082,3455
碍悼备,27技,6951,3308,3643
碍悼备,28技,7129,3491,3638
碍悼备,29技,6969,3377,3592
碍悼备,30技,7455,3650,3805
碍悼备,31技,7388,3630,3758
碍悼备,32技,6734,3345,3389
碍悼备,33技,6795,3342,3453
碍悼备,34技,6711,3357,3354
碍悼备,35技,6523,3259,3264
碍悼备,36技,6597,3211,3386
碍悼备,37技,6672,3379,3293
碍悼备,38技,6701,3291,3410
碍悼备,39技,7335,3667,3668
碍悼备,40技,7794,3830,3964
碍悼备,41技,8444,4157,4287
碍悼备,42技,8145,4065,4080
碍悼备,43技,8073,3964,4109
碍悼备,44技,7263,3603,3660
碍悼备,45技,7005,3537,3468
碍悼备,46技,6715,3409,3306
碍悼备,47技,6791,3459,3332
碍悼备,48技,7086,3580,3506
碍悼备,49技,7458,3663,3795
碍悼备,50技,7466,3719,3747
碍悼备,51技,7493,3789,3704
碍悼备,52技,7608,3787,3821
碍悼备,53技,7054,3434,3620
碍悼备,54技,7535,3700,3835
碍悼备,55技,6756,3273,3483
碍悼备,56技,6545,3181,3364
碍悼备,57技,6663,3327,3336
碍悼备,58技,6945,3282,3663
碍悼备,59技,6362,3092,3270
碍悼备,60技,7474,3614,3860
碍悼备,61技,7039,3343,3696
碍悼备,62技,8168,3793,4375
碍悼备,63技,7679,3571,4108
碍悼备,64技,7093,3325,3768
碍悼备,65技,6732,3226,3506
碍悼备,66技,6481,2941,3540
碍悼备,67技,6165,2856,3309
碍悼备,68技,6525,3028,3497
碍悼备,69技,4946,2293,2653
碍悼备,70技,5198,2454,2744
碍悼备,71技,4171,1987,2184
碍悼备,72技,3575,1759,1816
碍悼备,73技,3893,1823,2070
碍悼备,74技,3647,1735,1912
碍悼备,75技,3669,1758,1911
碍悼备,76技,3352,1615,1737
碍悼备,77技,2315,1128,1187
碍悼备,78技,2303,1110,1193
碍悼备,79技,2168,1030,1138
碍悼备,80技,2399,1101,1298
碍悼备,81技,2072,936,1136
碍悼备,82技,1567,716,851
碍悼备,83技,1434,609,825
碍悼备,84技,1253,505,748
碍悼备,85技,1069,396,673
碍悼备,86技,911,330,581
碍悼备,87技,792,270,522
碍悼备,88技,712,202,510
碍悼备,89技,532,148,384
碍悼备,90技,438,122,316
碍悼备,91技,350,77,273
碍悼备,92技,281,50,231
碍悼备,93技,258,58,200
碍悼备,94技,208,46,162
碍悼备,95技,119,21,98
碍悼备,96技,108,19,89
碍悼备,97技,53,12,41
碍悼备,98技,37,4,33
碍悼备,99技,28,4,24
碍悼备,100技 捞惑,77,16,61
